"","country","agemin","agemax","tarspec","with_expats","mau"
"1","AL","18","65","{""geo_locations"":{""countries"":[""AL""],""location_types"":[""home""]},""publisher_platforms"":[""facebook"",""instagram"",""audience_network"",""messenger""],""facebook_positions"":[""feed"",""instant_article"",""instream_video"",""right_hand_column"",""video_feeds"",""marketplace"",""story"",""facebook_reels_overlay"",""search"",""groups_feed""],""instagram_positions"":[""stream"",""story"",""explore"",""reels"",""shop""],""messenger_positions"":[""messenger_home"",""story""],""device_platforms"":[""mobile"",""desktop""],""audience_network_positions"":[""classic"",""rewarded_video""],""oculus_positions"":[],""excluded_publisher_list_ids"":[],""user_device"":[],""excluded_user_device"":[],""user_os"":[],""wireless_carrier"":[],""targeting_optimization"":""none"",""brand_safety_content_filter_levels"":[""FACEBOOK_STANDARD"",""AN_STANDARD""],""excluded_brand_safety_content_types"":[],""age_min"":18,""age_max"":65,""flexible_spec"":[{""behaviors"":[{""id"":""6015559470583"",""name"":""Livesabroad""}]}]}","TRUE","59100"
"2","AL","18","65","{""geo_locations"":{""countries"":[""AL""],""location_types"":[""home""]},""publisher_platforms"":[""facebook"",""instagram"",""audience_network"",""messenger""],""facebook_positions"":[""feed"",""instant_article"",""instream_video"",""right_hand_column"",""video_feeds"",""marketplace"",""story"",""facebook_reels_overlay"",""search"",""groups_feed""],""instagram_positions"":[""stream"",""story"",""explore"",""reels"",""shop""],""messenger_positions"":[""messenger_home"",""story""],""device_platforms"":[""mobile"",""desktop""],""audience_network_positions"":[""classic"",""rewarded_video""],""oculus_positions"":[],""excluded_publisher_list_ids"":[],""user_device"":[],""excluded_user_device"":[],""user_os"":[],""wireless_carrier"":[],""targeting_optimization"":""none"",""brand_safety_content_filter_levels"":[""FACEBOOK_STANDARD"",""AN_STANDARD""],""excluded_brand_safety_content_types"":[],""age_min"":18,""age_max"":65}","FALSE","1900000"
"3","AD","18","65","{""geo_locations"":{""countries"":[""AD""],""location_types"":[""home""]},""publisher_platforms"":[""facebook"",""instagram"",""audience_network"",""messenger""],""facebook_positions"":[""feed"",""instant_article"",""instream_video"",""right_hand_column"",""video_feeds"",""marketplace"",""story"",""facebook_reels_overlay"",""search"",""groups_feed""],""instagram_positions"":[""stream"",""story"",""explore"",""reels"",""shop""],""messenger_positions"":[""messenger_home"",""story""],""device_platforms"":[""mobile"",""desktop""],""audience_network_positions"":[""classic"",""rewarded_video""],""oculus_positions"":[],""excluded_publisher_list_ids"":[],""user_device"":[],""excluded_user_device"":[],""user_os"":[],""wireless_carrier"":[],""targeting_optimization"":""none"",""brand_safety_content_filter_levels"":[""FACEBOOK_STANDARD"",""AN_STANDARD""],""excluded_brand_safety_content_types"":[],""age_min"":18,""age_max"":65,""flexible_spec"":[{""behaviors"":[{""id"":""6015559470583"",""name"":""Livesabroad""}]}]}","TRUE","20400"
"4","AD","18","65","{""geo_locations"":{""countries"":[""AD""],""location_types"":[""home""]},""publisher_platforms"":[""facebook"",""instagram"",""audience_network"",""messenger""],""facebook_positions"":[""feed"",""instant_article"",""instream_video"",""right_hand_column"",""video_feeds"",""marketplace"",""story"",""facebook_reels_overlay"",""search"",""groups_feed""],""instagram_positions"":[""stream"",""story"",""explore"",""reels"",""shop""],""messenger_positions"":[""messenger_home"",""story""],""device_platforms"":[""mobile"",""desktop""],""audience_network_positions"":[""classic"",""rewarded_video""],""oculus_positions"":[],""excluded_publisher_list_ids"":[],""user_device"":[],""excluded_user_device"":[],""user_os"":[],""wireless_carrier"":[],""targeting_optimization"":""none"",""brand_safety_content_filter_levels"":[""FACEBOOK_STANDARD"",""AN_STANDARD""],""excluded_brand_safety_content_types"":[],""age_min"":18,""age_max"":65}","FALSE","64200"
"5","AM","18","65","{""geo_locations"":{""countries"":[""AM""],""location_types"":[""home""]},""publisher_platforms"":[""facebook"",""instagram"",""audience_network"",""messenger""],""facebook_positions"":[""feed"",""instant_article"",""instream_video"",""right_hand_column"",""video_feeds"",""marketplace"",""story"",""facebook_reels_overlay"",""search"",""groups_feed""],""instagram_positions"":[""stream"",""story"",""explore"",""reels"",""shop""],""messenger_positions"":[""messenger_home"",""story""],""device_platforms"":[""mobile"",""desktop""],""audience_network_positions"":[""classic"",""rewarded_video""],""oculus_positions"":[],""excluded_publisher_list_ids"":[],""user_device"":[],""excluded_user_device"":[],""user_os"":[],""wireless_carrier"":[],""targeting_optimization"":""none"",""brand_safety_content_filter_levels"":[""FACEBOOK_STANDARD"",""AN_STANDARD""],""excluded_brand_safety_content_types"":[],""age_min"":18,""age_max"":65,""flexible_spec"":[{""behaviors"":[{""id"":""6015559470583"",""name"":""Livesabroad""}]}]}","TRUE","78200"
"6","AM","18","65","{""geo_locations"":{""countries"":[""AM""],""location_types"":[""home""]},""publisher_platforms"":[""facebook"",""instagram"",""audience_network"",""messenger""],""facebook_positions"":[""feed"",""instant_article"",""instream_video"",""right_hand_column"",""video_feeds"",""marketplace"",""story"",""facebook_reels_overlay"",""search"",""groups_feed""],""instagram_positions"":[""stream"",""story"",""explore"",""reels"",""shop""],""messenger_positions"":[""messenger_home"",""story""],""device_platforms"":[""mobile"",""desktop""],""audience_network_positions"":[""classic"",""rewarded_video""],""oculus_positions"":[],""excluded_publisher_list_ids"":[],""user_device"":[],""excluded_user_device"":[],""user_os"":[],""wireless_carrier"":[],""targeting_optimization"":""none"",""brand_safety_content_filter_levels"":[""FACEBOOK_STANDARD"",""AN_STANDARD""],""excluded_brand_safety_content_types"":[],""age_min"":18,""age_max"":65}","FALSE","2000000"
"7","AT","18","65","{""geo_locations"":{""countries"":[""AT""],""location_types"":[""home""]},""publisher_platforms"":[""facebook"",""instagram"",""audience_network"",""messenger""],""facebook_positions"":[""feed"",""instant_article"",""instream_video"",""right_hand_column"",""video_feeds"",""marketplace"",""story"",""facebook_reels_overlay"",""search"",""groups_feed""],""instagram_positions"":[""stream"",""story"",""explore"",""reels"",""shop""],""messenger_positions"":[""messenger_home"",""story""],""device_platforms"":[""mobile"",""desktop""],""audience_network_positions"":[""classic"",""rewarded_video""],""oculus_positions"":[],""excluded_publisher_list_ids"":[],""user_device"":[],""excluded_user_device"":[],""user_os"":[],""wireless_carrier"":[],""targeting_optimization"":""none"",""brand_safety_content_filter_levels"":[""FACEBOOK_STANDARD"",""AN_STANDARD""],""excluded_brand_safety_content_types"":[],""age_min"":18,""age_max"":65,""flexible_spec"":[{""behaviors"":[{""id"":""6015559470583"",""name"":""Livesabroad""}]}]}","TRUE","754400"
"8","AT","18","65","{""geo_locations"":{""countries"":[""AT""],""location_types"":[""home""]},""publisher_platforms"":[""facebook"",""instagram"",""audience_network"",""messenger""],""facebook_positions"":[""feed"",""instant_article"",""instream_video"",""right_hand_column"",""video_feeds"",""marketplace"",""story"",""facebook_reels_overlay"",""search"",""groups_feed""],""instagram_positions"":[""stream"",""story"",""explore"",""reels"",""shop""],""messenger_positions"":[""messenger_home"",""story""],""device_platforms"":[""mobile"",""desktop""],""audience_network_positions"":[""classic"",""rewarded_video""],""oculus_positions"":[],""excluded_publisher_list_ids"":[],""user_device"":[],""excluded_user_device"":[],""user_os"":[],""wireless_carrier"":[],""targeting_optimization"":""none"",""brand_safety_content_filter_levels"":[""FACEBOOK_STANDARD"",""AN_STANDARD""],""excluded_brand_safety_content_types"":[],""age_min"":18,""age_max"":65}","FALSE","5400000"
"9","BY","18","65","{""geo_locations"":{""countries"":[""BY""],""location_types"":[""home""]},""publisher_platforms"":[""facebook"",""instagram"",""audience_network"",""messenger""],""facebook_positions"":[""feed"",""instant_article"",""instream_video"",""right_hand_column"",""video_feeds"",""marketplace"",""story"",""facebook_reels_overlay"",""search"",""groups_feed""],""instagram_positions"":[""stream"",""story"",""explore"",""reels"",""shop""],""messenger_positions"":[""messenger_home"",""story""],""device_platforms"":[""mobile"",""desktop""],""audience_network_positions"":[""classic"",""rewarded_video""],""oculus_positions"":[],""excluded_publisher_list_ids"":[],""user_device"":[],""excluded_user_device"":[],""user_os"":[],""wireless_carrier"":[],""targeting_optimization"":""none"",""brand_safety_content_filter_levels"":[""FACEBOOK_STANDARD"",""AN_STANDARD""],""excluded_brand_safety_content_types"":[],""age_min"":18,""age_max"":65,""flexible_spec"":[{""behaviors"":[{""id"":""6015559470583"",""name"":""Livesabroad""}]}]}","TRUE","185600"
"10","BY","18","65","{""geo_locations"":{""countries"":[""BY""],""location_types"":[""home""]},""publisher_platforms"":[""facebook"",""instagram"",""audience_network"",""messenger""],""facebook_positions"":[""feed"",""instant_article"",""instream_video"",""right_hand_column"",""video_feeds"",""marketplace"",""story"",""facebook_reels_overlay"",""search"",""groups_feed""],""instagram_positions"":[""stream"",""story"",""explore"",""reels"",""shop""],""messenger_positions"":[""messenger_home"",""story""],""device_platforms"":[""mobile"",""desktop""],""audience_network_positions"":[""classic"",""rewarded_video""],""oculus_positions"":[],""excluded_publisher_list_ids"":[],""user_device"":[],""excluded_user_device"":[],""user_os"":[],""wireless_carrier"":[],""targeting_optimization"":""none"",""brand_safety_content_filter_levels"":[""FACEBOOK_STANDARD"",""AN_STANDARD""],""excluded_brand_safety_content_types"":[],""age_min"":18,""age_max"":65}","FALSE","4400000"
"11","BE","18","65","{""geo_locations"":{""countries"":[""BE""],""location_types"":[""home""]},""publisher_platforms"":[""facebook"",""instagram"",""audience_network"",""messenger""],""facebook_positions"":[""feed"",""instant_article"",""instream_video"",""right_hand_column"",""video_feeds"",""marketplace"",""story"",""facebook_reels_overlay"",""search"",""groups_feed""],""instagram_positions"":[""stream"",""story"",""explore"",""reels"",""shop""],""messenger_positions"":[""messenger_home"",""story""],""device_platforms"":[""mobile"",""desktop""],""audience_network_positions"":[""classic"",""rewarded_video""],""oculus_positions"":[],""excluded_publisher_list_ids"":[],""user_device"":[],""excluded_user_device"":[],""user_os"":[],""wireless_carrier"":[],""targeting_optimization"":""none"",""brand_safety_content_filter_levels"":[""FACEBOOK_STANDARD"",""AN_STANDARD""],""excluded_brand_safety_content_types"":[],""age_min"":18,""age_max"":65,""flexible_spec"":[{""behaviors"":[{""id"":""6015559470583"",""name"":""Livesabroad""}]}]}","TRUE","857900"
"12","BE","18","65","{""geo_locations"":{""countries"":[""BE""],""location_types"":[""home""]},""publisher_platforms"":[""facebook"",""instagram"",""audience_network"",""messenger""],""facebook_positions"":[""feed"",""instant_article"",""instream_video"",""right_hand_column"",""video_feeds"",""marketplace"",""story"",""facebook_reels_overlay"",""search"",""groups_feed""],""instagram_positions"":[""stream"",""story"",""explore"",""reels"",""shop""],""messenger_positions"":[""messenger_home"",""story""],""device_platforms"":[""mobile"",""desktop""],""audience_network_positions"":[""classic"",""rewarded_video""],""oculus_positions"":[],""excluded_publisher_list_ids"":[],""user_device"":[],""excluded_user_device"":[],""user_os"":[],""wireless_carrier"":[],""targeting_optimization"":""none"",""brand_safety_content_filter_levels"":[""FACEBOOK_STANDARD"",""AN_STANDARD""],""excluded_brand_safety_content_types"":[],""age_min"":18,""age_max"":65}","FALSE","9100000"
"13","BA","18","65","{""geo_locations"":{""countries"":[""BA""],""location_types"":[""home""]},""publisher_platforms"":[""facebook"",""instagram"",""audience_network"",""messenger""],""facebook_positions"":[""feed"",""instant_article"",""instream_video"",""right_hand_column"",""video_feeds"",""marketplace"",""story"",""facebook_reels_overlay"",""search"",""groups_feed""],""instagram_positions"":[""stream"",""story"",""explore"",""reels"",""shop""],""messenger_positions"":[""messenger_home"",""story""],""device_platforms"":[""mobile"",""desktop""],""audience_network_positions"":[""classic"",""rewarded_video""],""oculus_positions"":[],""excluded_publisher_list_ids"":[],""user_device"":[],""excluded_user_device"":[],""user_os"":[],""wireless_carrier"":[],""targeting_optimization"":""none"",""brand_safety_content_filter_levels"":[""FACEBOOK_STANDARD"",""AN_STANDARD""],""excluded_brand_safety_content_types"":[],""age_min"":18,""age_max"":65,""flexible_spec"":[{""behaviors"":[{""id"":""6015559470583"",""name"":""Livesabroad""}]}]}","TRUE","113700"
"14","BA","18","65","{""geo_locations"":{""countries"":[""BA""],""location_types"":[""home""]},""publisher_platforms"":[""facebook"",""instagram"",""audience_network"",""messenger""],""facebook_positions"":[""feed"",""instant_article"",""instream_video"",""right_hand_column"",""video_feeds"",""marketplace"",""story"",""facebook_reels_overlay"",""search"",""groups_feed""],""instagram_positions"":[""stream"",""story"",""explore"",""reels"",""shop""],""messenger_positions"":[""messenger_home"",""story""],""device_platforms"":[""mobile"",""desktop""],""audience_network_positions"":[""classic"",""rewarded_video""],""oculus_positions"":[],""excluded_publisher_list_ids"":[],""user_device"":[],""excluded_user_device"":[],""user_os"":[],""wireless_carrier"":[],""targeting_optimization"":""none"",""brand_safety_content_filter_levels"":[""FACEBOOK_STANDARD"",""AN_STANDARD""],""excluded_brand_safety_content_types"":[],""age_min"":18,""age_max"":65}","FALSE","2000000"
"15","BG","18","65","{""geo_locations"":{""countries"":[""BG""],""location_types"":[""home""]},""publisher_platforms"":[""facebook"",""instagram"",""audience_network"",""messenger""],""facebook_positions"":[""feed"",""instant_article"",""instream_video"",""right_hand_column"",""video_feeds"",""marketplace"",""story"",""facebook_reels_overlay"",""search"",""groups_feed""],""instagram_positions"":[""stream"",""story"",""explore"",""reels"",""shop""],""messenger_positions"":[""messenger_home"",""story""],""device_platforms"":[""mobile"",""desktop""],""audience_network_positions"":[""classic"",""rewarded_video""],""oculus_positions"":[],""excluded_publisher_list_ids"":[],""user_device"":[],""excluded_user_device"":[],""user_os"":[],""wireless_carrier"":[],""targeting_optimization"":""none"",""brand_safety_content_filter_levels"":[""FACEBOOK_STANDARD"",""AN_STANDARD""],""excluded_brand_safety_content_types"":[],""age_min"":18,""age_max"":65,""flexible_spec"":[{""behaviors"":[{""id"":""6015559470583"",""name"":""Livesabroad""}]}]}","TRUE","104000"
"16","BG","18","65","{""geo_locations"":{""countries"":[""BG""],""location_types"":[""home""]},""publisher_platforms"":[""facebook"",""instagram"",""audience_network"",""messenger""],""facebook_positions"":[""feed"",""instant_article"",""instream_video"",""right_hand_column"",""video_feeds"",""marketplace"",""story"",""facebook_reels_overlay"",""search"",""groups_feed""],""instagram_positions"":[""stream"",""story"",""explore"",""reels"",""shop""],""messenger_positions"":[""messenger_home"",""story""],""device_platforms"":[""mobile"",""desktop""],""audience_network_positions"":[""classic"",""rewarded_video""],""oculus_positions"":[],""excluded_publisher_list_ids"":[],""user_device"":[],""excluded_user_device"":[],""user_os"":[],""wireless_carrier"":[],""targeting_optimization"":""none"",""brand_safety_content_filter_levels"":[""FACEBOOK_STANDARD"",""AN_STANDARD""],""excluded_brand_safety_content_types"":[],""age_min"":18,""age_max"":65}","FALSE","4500000"
"17","CH","18","65","{""geo_locations"":{""countries"":[""CH""],""location_types"":[""home""]},""publisher_platforms"":[""facebook"",""instagram"",""audience_network"",""messenger""],""facebook_positions"":[""feed"",""instant_article"",""instream_video"",""right_hand_column"",""video_feeds"",""marketplace"",""story"",""facebook_reels_overlay"",""search"",""groups_feed""],""instagram_positions"":[""stream"",""story"",""explore"",""reels"",""shop""],""messenger_positions"":[""messenger_home"",""story""],""device_platforms"":[""mobile"",""desktop""],""audience_network_positions"":[""classic"",""rewarded_video""],""oculus_positions"":[],""excluded_publisher_list_ids"":[],""user_device"":[],""excluded_user_device"":[],""user_os"":[],""wireless_carrier"":[],""targeting_optimization"":""none"",""brand_safety_content_filter_levels"":[""FACEBOOK_STANDARD"",""AN_STANDARD""],""excluded_brand_safety_content_types"":[],""age_min"":18,""age_max"":65,""flexible_spec"":[{""behaviors"":[{""id"":""6015559470583"",""name"":""Livesabroad""}]}]}","TRUE","1000000"
"18","CH","18","65","{""geo_locations"":{""countries"":[""CH""],""location_types"":[""home""]},""publisher_platforms"":[""facebook"",""instagram"",""audience_network"",""messenger""],""facebook_positions"":[""feed"",""instant_article"",""instream_video"",""right_hand_column"",""video_feeds"",""marketplace"",""story"",""facebook_reels_overlay"",""search"",""groups_feed""],""instagram_positions"":[""stream"",""story"",""explore"",""reels"",""shop""],""messenger_positions"":[""messenger_home"",""story""],""device_platforms"":[""mobile"",""desktop""],""audience_network_positions"":[""classic"",""rewarded_video""],""oculus_positions"":[],""excluded_publisher_list_ids"":[],""user_device"":[],""excluded_user_device"":[],""user_os"":[],""wireless_carrier"":[],""targeting_optimization"":""none"",""brand_safety_content_filter_levels"":[""FACEBOOK_STANDARD"",""AN_STANDARD""],""excluded_brand_safety_content_types"":[],""age_min"":18,""age_max"":65}","FALSE","5700000"
"19","CY","18","65","{""geo_locations"":{""countries"":[""CY""],""location_types"":[""home""]},""publisher_platforms"":[""facebook"",""instagram"",""audience_network"",""messenger""],""facebook_positions"":[""feed"",""instant_article"",""instream_video"",""right_hand_column"",""video_feeds"",""marketplace"",""story"",""facebook_reels_overlay"",""search"",""groups_feed""],""instagram_positions"":[""stream"",""story"",""explore"",""reels"",""shop""],""messenger_positions"":[""messenger_home"",""story""],""device_platforms"":[""mobile"",""desktop""],""audience_network_positions"":[""classic"",""rewarded_video""],""oculus_positions"":[],""excluded_publisher_list_ids"":[],""user_device"":[],""excluded_user_device"":[],""user_os"":[],""wireless_carrier"":[],""targeting_optimization"":""none"",""brand_safety_content_filter_levels"":[""FACEBOOK_STANDARD"",""AN_STANDARD""],""excluded_brand_safety_content_types"":[],""age_min"":18,""age_max"":65,""flexible_spec"":[{""behaviors"":[{""id"":""6015559470583"",""name"":""Livesabroad""}]}]}","TRUE","214100"
"20","CY","18","65","{""geo_locations"":{""countries"":[""CY""],""location_types"":[""home""]},""publisher_platforms"":[""facebook"",""instagram"",""audience_network"",""messenger""],""facebook_positions"":[""feed"",""instant_article"",""instream_video"",""right_hand_column"",""video_feeds"",""marketplace"",""story"",""facebook_reels_overlay"",""search"",""groups_feed""],""instagram_positions"":[""stream"",""story"",""explore"",""reels"",""shop""],""messenger_positions"":[""messenger_home"",""story""],""device_platforms"":[""mobile"",""desktop""],""audience_network_positions"":[""classic"",""rewarded_video""],""oculus_positions"":[],""excluded_publisher_list_ids"":[],""user_device"":[],""excluded_user_device"":[],""user_os"":[],""wireless_carrier"":[],""targeting_optimization"":""none"",""brand_safety_content_filter_levels"":[""FACEBOOK_STANDARD"",""AN_STANDARD""],""excluded_brand_safety_content_types"":[],""age_min"":18,""age_max"":65}","FALSE","1300000"
"21","CZ","18","65","{""geo_locations"":{""countries"":[""CZ""],""location_types"":[""home""]},""publisher_platforms"":[""facebook"",""instagram"",""audience_network"",""messenger""],""facebook_positions"":[""feed"",""instant_article"",""instream_video"",""right_hand_column"",""video_feeds"",""marketplace"",""story"",""facebook_reels_overlay"",""search"",""groups_feed""],""instagram_positions"":[""stream"",""story"",""explore"",""reels"",""shop""],""messenger_positions"":[""messenger_home"",""story""],""device_platforms"":[""mobile"",""desktop""],""audience_network_positions"":[""classic"",""rewarded_video""],""oculus_positions"":[],""excluded_publisher_list_ids"":[],""user_device"":[],""excluded_user_device"":[],""user_os"":[],""wireless_carrier"":[],""targeting_optimization"":""none"",""brand_safety_content_filter_levels"":[""FACEBOOK_STANDARD"",""AN_STANDARD""],""excluded_brand_safety_content_types"":[],""age_min"":18,""age_max"":65,""flexible_spec"":[{""behaviors"":[{""id"":""6015559470583"",""name"":""Livesabroad""}]}]}","TRUE","310900"
"22","CZ","18","65","{""geo_locations"":{""countries"":[""CZ""],""location_types"":[""home""]},""publisher_platforms"":[""facebook"",""instagram"",""audience_network"",""messenger""],""facebook_positions"":[""feed"",""instant_article"",""instream_video"",""right_hand_column"",""video_feeds"",""marketplace"",""story"",""facebook_reels_overlay"",""search"",""groups_feed""],""instagram_positions"":[""stream"",""story"",""explore"",""reels"",""shop""],""messenger_positions"":[""messenger_home"",""story""],""device_platforms"":[""mobile"",""desktop""],""audience_network_positions"":[""classic"",""rewarded_video""],""oculus_positions"":[],""excluded_publisher_list_ids"":[],""user_device"":[],""excluded_user_device"":[],""user_os"":[],""wireless_carrier"":[],""targeting_optimization"":""none"",""brand_safety_content_filter_levels"":[""FACEBOOK_STANDARD"",""AN_STANDARD""],""excluded_brand_safety_content_types"":[],""age_min"":18,""age_max"":65}","FALSE","6900000"
"23","DE","18","65","{""geo_locations"":{""countries"":[""DE""],""location_types"":[""home""]},""publisher_platforms"":[""facebook"",""instagram"",""audience_network"",""messenger""],""facebook_positions"":[""feed"",""instant_article"",""instream_video"",""right_hand_column"",""video_feeds"",""marketplace"",""story"",""facebook_reels_overlay"",""search"",""groups_feed""],""instagram_positions"":[""stream"",""story"",""explore"",""reels"",""shop""],""messenger_positions"":[""messenger_home"",""story""],""device_platforms"":[""mobile"",""desktop""],""audience_network_positions"":[""classic"",""rewarded_video""],""oculus_positions"":[],""excluded_publisher_list_ids"":[],""user_device"":[],""excluded_user_device"":[],""user_os"":[],""wireless_carrier"":[],""targeting_optimization"":""none"",""brand_safety_content_filter_levels"":[""FACEBOOK_STANDARD"",""AN_STANDARD""],""excluded_brand_safety_content_types"":[],""age_min"":18,""age_max"":65,""flexible_spec"":[{""behaviors"":[{""id"":""6015559470583"",""name"":""Livesabroad""}]}]}","TRUE","4500000"
"24","DE","18","65","{""geo_locations"":{""countries"":[""DE""],""location_types"":[""home""]},""publisher_platforms"":[""facebook"",""instagram"",""audience_network"",""messenger""],""facebook_positions"":[""feed"",""instant_article"",""instream_video"",""right_hand_column"",""video_feeds"",""marketplace"",""story"",""facebook_reels_overlay"",""search"",""groups_feed""],""instagram_positions"":[""stream"",""story"",""explore"",""reels"",""shop""],""messenger_positions"":[""messenger_home"",""story""],""device_platforms"":[""mobile"",""desktop""],""audience_network_positions"":[""classic"",""rewarded_video""],""oculus_positions"":[],""excluded_publisher_list_ids"":[],""user_device"":[],""excluded_user_device"":[],""user_os"":[],""wireless_carrier"":[],""targeting_optimization"":""none"",""brand_safety_content_filter_levels"":[""FACEBOOK_STANDARD"",""AN_STANDARD""],""excluded_brand_safety_content_types"":[],""age_min"":18,""age_max"":65}","FALSE","46300000"
"25","DK","18","65","{""geo_locations"":{""countries"":[""DK""],""location_types"":[""home""]},""publisher_platforms"":[""facebook"",""instagram"",""audience_network"",""messenger""],""facebook_positions"":[""feed"",""instant_article"",""instream_video"",""right_hand_column"",""video_feeds"",""marketplace"",""story"",""facebook_reels_overlay"",""search"",""groups_feed""],""instagram_positions"":[""stream"",""story"",""explore"",""reels"",""shop""],""messenger_positions"":[""messenger_home"",""story""],""device_platforms"":[""mobile"",""desktop""],""audience_network_positions"":[""classic"",""rewarded_video""],""oculus_positions"":[],""excluded_publisher_list_ids"":[],""user_device"":[],""excluded_user_device"":[],""user_os"":[],""wireless_carrier"":[],""targeting_optimization"":""none"",""brand_safety_content_filter_levels"":[""FACEBOOK_STANDARD"",""AN_STANDARD""],""excluded_brand_safety_content_types"":[],""age_min"":18,""age_max"":65,""flexible_spec"":[{""behaviors"":[{""id"":""6015559470583"",""name"":""Livesabroad""}]}]}","TRUE","315300"
"26","DK","18","65","{""geo_locations"":{""countries"":[""DK""],""location_types"":[""home""]},""publisher_platforms"":[""facebook"",""instagram"",""audience_network"",""messenger""],""facebook_positions"":[""feed"",""instant_article"",""instream_video"",""right_hand_column"",""video_feeds"",""marketplace"",""story"",""facebook_reels_overlay"",""search"",""groups_feed""],""instagram_positions"":[""stream"",""story"",""explore"",""reels"",""shop""],""messenger_positions"":[""messenger_home"",""story""],""device_platforms"":[""mobile"",""desktop""],""audience_network_positions"":[""classic"",""rewarded_video""],""oculus_positions"":[],""excluded_publisher_list_ids"":[],""user_device"":[],""excluded_user_device"":[],""user_os"":[],""wireless_carrier"":[],""targeting_optimization"":""none"",""brand_safety_content_filter_levels"":[""FACEBOOK_STANDARD"",""AN_STANDARD""],""excluded_brand_safety_content_types"":[],""age_min"":18,""age_max"":65}","FALSE","4900000"
"27","EE","18","65","{""geo_locations"":{""countries"":[""EE""],""location_types"":[""home""]},""publisher_platforms"":[""facebook"",""instagram"",""audience_network"",""messenger""],""facebook_positions"":[""feed"",""instant_article"",""instream_video"",""right_hand_column"",""video_feeds"",""marketplace"",""story"",""facebook_reels_overlay"",""search"",""groups_feed""],""instagram_positions"":[""stream"",""story"",""explore"",""reels"",""shop""],""messenger_positions"":[""messenger_home"",""story""],""device_platforms"":[""mobile"",""desktop""],""audience_network_positions"":[""classic"",""rewarded_video""],""oculus_positions"":[],""excluded_publisher_list_ids"":[],""user_device"":[],""excluded_user_device"":[],""user_os"":[],""wireless_carrier"":[],""targeting_optimization"":""none"",""brand_safety_content_filter_levels"":[""FACEBOOK_STANDARD"",""AN_STANDARD""],""excluded_brand_safety_content_types"":[],""age_min"":18,""age_max"":65,""flexible_spec"":[{""behaviors"":[{""id"":""6015559470583"",""name"":""Livesabroad""}]}]}","TRUE","27000"
"28","EE","18","65","{""geo_locations"":{""countries"":[""EE""],""location_types"":[""home""]},""publisher_platforms"":[""facebook"",""instagram"",""audience_network"",""messenger""],""facebook_positions"":[""feed"",""instant_article"",""instream_video"",""right_hand_column"",""video_feeds"",""marketplace"",""story"",""facebook_reels_overlay"",""search"",""groups_feed""],""instagram_positions"":[""stream"",""story"",""explore"",""reels"",""shop""],""messenger_positions"":[""messenger_home"",""story""],""device_platforms"":[""mobile"",""desktop""],""audience_network_positions"":[""classic"",""rewarded_video""],""oculus_positions"":[],""excluded_publisher_list_ids"":[],""user_device"":[],""excluded_user_device"":[],""user_os"":[],""wireless_carrier"":[],""targeting_optimization"":""none"",""brand_safety_content_filter_levels"":[""FACEBOOK_STANDARD"",""AN_STANDARD""],""excluded_brand_safety_content_types"":[],""age_min"":18,""age_max"":65}","FALSE","960900"
"29","ES","18","65","{""geo_locations"":{""countries"":[""ES""],""location_types"":[""home""]},""publisher_platforms"":[""facebook"",""instagram"",""audience_network"",""messenger""],""facebook_positions"":[""feed"",""instant_article"",""instream_video"",""right_hand_column"",""video_feeds"",""marketplace"",""story"",""facebook_reels_overlay"",""search"",""groups_feed""],""instagram_positions"":[""stream"",""story"",""explore"",""reels"",""shop""],""messenger_positions"":[""messenger_home"",""story""],""device_platforms"":[""mobile"",""desktop""],""audience_network_positions"":[""classic"",""rewarded_video""],""oculus_positions"":[],""excluded_publisher_list_ids"":[],""user_device"":[],""excluded_user_device"":[],""user_os"":[],""wireless_carrier"":[],""targeting_optimization"":""none"",""brand_safety_content_filter_levels"":[""FACEBOOK_STANDARD"",""AN_STANDARD""],""excluded_brand_safety_content_types"":[],""age_min"":18,""age_max"":65,""flexible_spec"":[{""behaviors"":[{""id"":""6015559470583"",""name"":""Livesabroad""}]}]}","TRUE","3100000"
"30","ES","18","65","{""geo_locations"":{""countries"":[""ES""],""location_types"":[""home""]},""publisher_platforms"":[""facebook"",""instagram"",""audience_network"",""messenger""],""facebook_positions"":[""feed"",""instant_article"",""instream_video"",""right_hand_column"",""video_feeds"",""marketplace"",""story"",""facebook_reels_overlay"",""search"",""groups_feed""],""instagram_positions"":[""stream"",""story"",""explore"",""reels"",""shop""],""messenger_positions"":[""messenger_home"",""story""],""device_platforms"":[""mobile"",""desktop""],""audience_network_positions"":[""classic"",""rewarded_video""],""oculus_positions"":[],""excluded_publisher_list_ids"":[],""user_device"":[],""excluded_user_device"":[],""user_os"":[],""wireless_carrier"":[],""targeting_optimization"":""none"",""brand_safety_content_filter_levels"":[""FACEBOOK_STANDARD"",""AN_STANDARD""],""excluded_brand_safety_content_types"":[],""age_min"":18,""age_max"":65}","FALSE","35800000"
"31","FO","18","65","{""geo_locations"":{""countries"":[""FO""],""location_types"":[""home""]},""publisher_platforms"":[""facebook"",""instagram"",""audience_network"",""messenger""],""facebook_positions"":[""feed"",""instant_article"",""instream_video"",""right_hand_column"",""video_feeds"",""marketplace"",""story"",""facebook_reels_overlay"",""search"",""groups_feed""],""instagram_positions"":[""stream"",""story"",""explore"",""reels"",""shop""],""messenger_positions"":[""messenger_home"",""story""],""device_platforms"":[""mobile"",""desktop""],""audience_network_positions"":[""classic"",""rewarded_video""],""oculus_positions"":[],""excluded_publisher_list_ids"":[],""user_device"":[],""excluded_user_device"":[],""user_os"":[],""wireless_carrier"":[],""targeting_optimization"":""none"",""brand_safety_content_filter_levels"":[""FACEBOOK_STANDARD"",""AN_STANDARD""],""excluded_brand_safety_content_types"":[],""age_min"":18,""age_max"":65,""flexible_spec"":[{""behaviors"":[{""id"":""6015559470583"",""name"":""Livesabroad""}]}]}","TRUE","2300"
"32","FO","18","65","{""geo_locations"":{""countries"":[""FO""],""location_types"":[""home""]},""publisher_platforms"":[""facebook"",""instagram"",""audience_network"",""messenger""],""facebook_positions"":[""feed"",""instant_article"",""instream_video"",""right_hand_column"",""video_feeds"",""marketplace"",""story"",""facebook_reels_overlay"",""search"",""groups_feed""],""instagram_positions"":[""stream"",""story"",""explore"",""reels"",""shop""],""messenger_positions"":[""messenger_home"",""story""],""device_platforms"":[""mobile"",""desktop""],""audience_network_positions"":[""classic"",""rewarded_video""],""oculus_positions"":[],""excluded_publisher_list_ids"":[],""user_device"":[],""excluded_user_device"":[],""user_os"":[],""wireless_carrier"":[],""targeting_optimization"":""none"",""brand_safety_content_filter_levels"":[""FACEBOOK_STANDARD"",""AN_STANDARD""],""excluded_brand_safety_content_types"":[],""age_min"":18,""age_max"":65}","FALSE","44100"
"33","FI","18","65","{""geo_locations"":{""countries"":[""FI""],""location_types"":[""home""]},""publisher_platforms"":[""facebook"",""instagram"",""audience_network"",""messenger""],""facebook_positions"":[""feed"",""instant_article"",""instream_video"",""right_hand_column"",""video_feeds"",""marketplace"",""story"",""facebook_reels_overlay"",""search"",""groups_feed""],""instagram_positions"":[""stream"",""story"",""explore"",""reels"",""shop""],""messenger_positions"":[""messenger_home"",""story""],""device_platforms"":[""mobile"",""desktop""],""audience_network_positions"":[""classic"",""rewarded_video""],""oculus_positions"":[],""excluded_publisher_list_ids"":[],""user_device"":[],""excluded_user_device"":[],""user_os"":[],""wireless_carrier"":[],""targeting_optimization"":""none"",""brand_safety_content_filter_levels"":[""FACEBOOK_STANDARD"",""AN_STANDARD""],""excluded_brand_safety_content_types"":[],""age_min"":18,""age_max"":65,""flexible_spec"":[{""behaviors"":[{""id"":""6015559470583"",""name"":""Livesabroad""}]}]}","TRUE","162400"
"34","FI","18","65","{""geo_locations"":{""countries"":[""FI""],""location_types"":[""home""]},""publisher_platforms"":[""facebook"",""instagram"",""audience_network"",""messenger""],""facebook_positions"":[""feed"",""instant_article"",""instream_video"",""right_hand_column"",""video_feeds"",""marketplace"",""story"",""facebook_reels_overlay"",""search"",""groups_feed""],""instagram_positions"":[""stream"",""story"",""explore"",""reels"",""shop""],""messenger_positions"":[""messenger_home"",""story""],""device_platforms"":[""mobile"",""desktop""],""audience_network_positions"":[""classic"",""rewarded_video""],""oculus_positions"":[],""excluded_publisher_list_ids"":[],""user_device"":[],""excluded_user_device"":[],""user_os"":[],""wireless_carrier"":[],""targeting_optimization"":""none"",""brand_safety_content_filter_levels"":[""FACEBOOK_STANDARD"",""AN_STANDARD""],""excluded_brand_safety_content_types"":[],""age_min"":18,""age_max"":65}","FALSE","3800000"
"35","FR","18","65","{""geo_locations"":{""countries"":[""FR""],""location_types"":[""home""]},""publisher_platforms"":[""facebook"",""instagram"",""audience_network"",""messenger""],""facebook_positions"":[""feed"",""instant_article"",""instream_video"",""right_hand_column"",""video_feeds"",""marketplace"",""story"",""facebook_reels_overlay"",""search"",""groups_feed""],""instagram_positions"":[""stream"",""story"",""explore"",""reels"",""shop""],""messenger_positions"":[""messenger_home"",""story""],""device_platforms"":[""mobile"",""desktop""],""audience_network_positions"":[""classic"",""rewarded_video""],""oculus_positions"":[],""excluded_publisher_list_ids"":[],""user_device"":[],""excluded_user_device"":[],""user_os"":[],""wireless_carrier"":[],""targeting_optimization"":""none"",""brand_safety_content_filter_levels"":[""FACEBOOK_STANDARD"",""AN_STANDARD""],""excluded_brand_safety_content_types"":[],""age_min"":18,""age_max"":65,""flexible_spec"":[{""behaviors"":[{""id"":""6015559470583"",""name"":""Livesabroad""}]}]}","TRUE","4100000"
"36","FR","18","65","{""geo_locations"":{""countries"":[""FR""],""location_types"":[""home""]},""publisher_platforms"":[""facebook"",""instagram"",""audience_network"",""messenger""],""facebook_positions"":[""feed"",""instant_article"",""instream_video"",""right_hand_column"",""video_feeds"",""marketplace"",""story"",""facebook_reels_overlay"",""search"",""groups_feed""],""instagram_positions"":[""stream"",""story"",""explore"",""reels"",""shop""],""messenger_positions"":[""messenger_home"",""story""],""device_platforms"":[""mobile"",""desktop""],""audience_network_positions"":[""classic"",""rewarded_video""],""oculus_positions"":[],""excluded_publisher_list_ids"":[],""user_device"":[],""excluded_user_device"":[],""user_os"":[],""wireless_carrier"":[],""targeting_optimization"":""none"",""brand_safety_content_filter_levels"":[""FACEBOOK_STANDARD"",""AN_STANDARD""],""excluded_brand_safety_content_types"":[],""age_min"":18,""age_max"":65}","FALSE","47600000"
"37","GB","18","65","{""geo_locations"":{""countries"":[""GB""],""location_types"":[""home""]},""publisher_platforms"":[""facebook"",""instagram"",""audience_network"",""messenger""],""facebook_positions"":[""feed"",""instant_article"",""instream_video"",""right_hand_column"",""video_feeds"",""marketplace"",""story"",""facebook_reels_overlay"",""search"",""groups_feed""],""instagram_positions"":[""stream"",""story"",""explore"",""reels"",""shop""],""messenger_positions"":[""messenger_home"",""story""],""device_platforms"":[""mobile"",""desktop""],""audience_network_positions"":[""classic"",""rewarded_video""],""oculus_positions"":[],""excluded_publisher_list_ids"":[],""user_device"":[],""excluded_user_device"":[],""user_os"":[],""wireless_carrier"":[],""targeting_optimization"":""none"",""brand_safety_content_filter_levels"":[""FACEBOOK_STANDARD"",""AN_STANDARD""],""excluded_brand_safety_content_types"":[],""age_min"":18,""age_max"":65,""flexible_spec"":[{""behaviors"":[{""id"":""6015559470583"",""name"":""Livesabroad""}]}]}","TRUE","4400000"
"38","GB","18","65","{""geo_locations"":{""countries"":[""GB""],""location_types"":[""home""]},""publisher_platforms"":[""facebook"",""instagram"",""audience_network"",""messenger""],""facebook_positions"":[""feed"",""instant_article"",""instream_video"",""right_hand_column"",""video_feeds"",""marketplace"",""story"",""facebook_reels_overlay"",""search"",""groups_feed""],""instagram_positions"":[""stream"",""story"",""explore"",""reels"",""shop""],""messenger_positions"":[""messenger_home"",""story""],""device_platforms"":[""mobile"",""desktop""],""audience_network_positions"":[""classic"",""rewarded_video""],""oculus_positions"":[],""excluded_publisher_list_ids"":[],""user_device"":[],""excluded_user_device"":[],""user_os"":[],""wireless_carrier"":[],""targeting_optimization"":""none"",""brand_safety_content_filter_levels"":[""FACEBOOK_STANDARD"",""AN_STANDARD""],""excluded_brand_safety_content_types"":[],""age_min"":18,""age_max"":65}","FALSE","54800000"
"39","GE","18","65","{""geo_locations"":{""countries"":[""GE""],""location_types"":[""home""]},""publisher_platforms"":[""facebook"",""instagram"",""audience_network"",""messenger""],""facebook_positions"":[""feed"",""instant_article"",""instream_video"",""right_hand_column"",""video_feeds"",""marketplace"",""story"",""facebook_reels_overlay"",""search"",""groups_feed""],""instagram_positions"":[""stream"",""story"",""explore"",""reels"",""shop""],""messenger_positions"":[""messenger_home"",""story""],""device_platforms"":[""mobile"",""desktop""],""audience_network_positions"":[""classic"",""rewarded_video""],""oculus_positions"":[],""excluded_publisher_list_ids"":[],""user_device"":[],""excluded_user_device"":[],""user_os"":[],""wireless_carrier"":[],""targeting_optimization"":""none"",""brand_safety_content_filter_levels"":[""FACEBOOK_STANDARD"",""AN_STANDARD""],""excluded_brand_safety_content_types"":[],""age_min"":18,""age_max"":65,""flexible_spec"":[{""behaviors"":[{""id"":""6015559470583"",""name"":""Livesabroad""}]}]}","TRUE","123000"
"40","GE","18","65","{""geo_locations"":{""countries"":[""GE""],""location_types"":[""home""]},""publisher_platforms"":[""facebook"",""instagram"",""audience_network"",""messenger""],""facebook_positions"":[""feed"",""instant_article"",""instream_video"",""right_hand_column"",""video_feeds"",""marketplace"",""story"",""facebook_reels_overlay"",""search"",""groups_feed""],""instagram_positions"":[""stream"",""story"",""explore"",""reels"",""shop""],""messenger_positions"":[""messenger_home"",""story""],""device_platforms"":[""mobile"",""desktop""],""audience_network_positions"":[""classic"",""rewarded_video""],""oculus_positions"":[],""excluded_publisher_list_ids"":[],""user_device"":[],""excluded_user_device"":[],""user_os"":[],""wireless_carrier"":[],""targeting_optimization"":""none"",""brand_safety_content_filter_levels"":[""FACEBOOK_STANDARD"",""AN_STANDARD""],""excluded_brand_safety_content_types"":[],""age_min"":18,""age_max"":65}","FALSE","3400000"
"41","GI","18","65","{""geo_locations"":{""countries"":[""GI""],""location_types"":[""home""]},""publisher_platforms"":[""facebook"",""instagram"",""audience_network"",""messenger""],""facebook_positions"":[""feed"",""instant_article"",""instream_video"",""right_hand_column"",""video_feeds"",""marketplace"",""story"",""facebook_reels_overlay"",""search"",""groups_feed""],""instagram_positions"":[""stream"",""story"",""explore"",""reels"",""shop""],""messenger_positions"":[""messenger_home"",""story""],""device_platforms"":[""mobile"",""desktop""],""audience_network_positions"":[""classic"",""rewarded_video""],""oculus_positions"":[],""excluded_publisher_list_ids"":[],""user_device"":[],""excluded_user_device"":[],""user_os"":[],""wireless_carrier"":[],""targeting_optimization"":""none"",""brand_safety_content_filter_levels"":[""FACEBOOK_STANDARD"",""AN_STANDARD""],""excluded_brand_safety_content_types"":[],""age_min"":18,""age_max"":65,""flexible_spec"":[{""behaviors"":[{""id"":""6015559470583"",""name"":""Livesabroad""}]}]}","TRUE","2700"
"42","GI","18","65","{""geo_locations"":{""countries"":[""GI""],""location_types"":[""home""]},""publisher_platforms"":[""facebook"",""instagram"",""audience_network"",""messenger""],""facebook_positions"":[""feed"",""instant_article"",""instream_video"",""right_hand_column"",""video_feeds"",""marketplace"",""story"",""facebook_reels_overlay"",""search"",""groups_feed""],""instagram_positions"":[""stream"",""story"",""explore"",""reels"",""shop""],""messenger_positions"":[""messenger_home"",""story""],""device_platforms"":[""mobile"",""desktop""],""audience_network_positions"":[""classic"",""rewarded_video""],""oculus_positions"":[],""excluded_publisher_list_ids"":[],""user_device"":[],""excluded_user_device"":[],""user_os"":[],""wireless_carrier"":[],""targeting_optimization"":""none"",""brand_safety_content_filter_levels"":[""FACEBOOK_STANDARD"",""AN_STANDARD""],""excluded_brand_safety_content_types"":[],""age_min"":18,""age_max"":65}","FALSE","31100"
"43","GR","18","65","{""geo_locations"":{""countries"":[""GR""],""location_types"":[""home""]},""publisher_platforms"":[""facebook"",""instagram"",""audience_network"",""messenger""],""facebook_positions"":[""feed"",""instant_article"",""instream_video"",""right_hand_column"",""video_feeds"",""marketplace"",""story"",""facebook_reels_overlay"",""search"",""groups_feed""],""instagram_positions"":[""stream"",""story"",""explore"",""reels"",""shop""],""messenger_positions"":[""messenger_home"",""story""],""device_platforms"":[""mobile"",""desktop""],""audience_network_positions"":[""classic"",""rewarded_video""],""oculus_positions"":[],""excluded_publisher_list_ids"":[],""user_device"":[],""excluded_user_device"":[],""user_os"":[],""wireless_carrier"":[],""targeting_optimization"":""none"",""brand_safety_content_filter_levels"":[""FACEBOOK_STANDARD"",""AN_STANDARD""],""excluded_brand_safety_content_types"":[],""age_min"":18,""age_max"":65,""flexible_spec"":[{""behaviors"":[{""id"":""6015559470583"",""name"":""Livesabroad""}]}]}","TRUE","519600"
"44","GR","18","65","{""geo_locations"":{""countries"":[""GR""],""location_types"":[""home""]},""publisher_platforms"":[""facebook"",""instagram"",""audience_network"",""messenger""],""facebook_positions"":[""feed"",""instant_article"",""instream_video"",""right_hand_column"",""video_feeds"",""marketplace"",""story"",""facebook_reels_overlay"",""search"",""groups_feed""],""instagram_positions"":[""stream"",""story"",""explore"",""reels"",""shop""],""messenger_positions"":[""messenger_home"",""story""],""device_platforms"":[""mobile"",""desktop""],""audience_network_positions"":[""classic"",""rewarded_video""],""oculus_positions"":[],""excluded_publisher_list_ids"":[],""user_device"":[],""excluded_user_device"":[],""user_os"":[],""wireless_carrier"":[],""targeting_optimization"":""none"",""brand_safety_content_filter_levels"":[""FACEBOOK_STANDARD"",""AN_STANDARD""],""excluded_brand_safety_content_types"":[],""age_min"":18,""age_max"":65}","FALSE","7500000"
"45","HU","18","65","{""geo_locations"":{""countries"":[""HU""],""location_types"":[""home""]},""publisher_platforms"":[""facebook"",""instagram"",""audience_network"",""messenger""],""facebook_positions"":[""feed"",""instant_article"",""instream_video"",""right_hand_column"",""video_feeds"",""marketplace"",""story"",""facebook_reels_overlay"",""search"",""groups_feed""],""instagram_positions"":[""stream"",""story"",""explore"",""reels"",""shop""],""messenger_positions"":[""messenger_home"",""story""],""device_platforms"":[""mobile"",""desktop""],""audience_network_positions"":[""classic"",""rewarded_video""],""oculus_positions"":[],""excluded_publisher_list_ids"":[],""user_device"":[],""excluded_user_device"":[],""user_os"":[],""wireless_carrier"":[],""targeting_optimization"":""none"",""brand_safety_content_filter_levels"":[""FACEBOOK_STANDARD"",""AN_STANDARD""],""excluded_brand_safety_content_types"":[],""age_min"":18,""age_max"":65,""flexible_spec"":[{""behaviors"":[{""id"":""6015559470583"",""name"":""Livesabroad""}]}]}","TRUE","201600"
"46","HU","18","65","{""geo_locations"":{""countries"":[""HU""],""location_types"":[""home""]},""publisher_platforms"":[""facebook"",""instagram"",""audience_network"",""messenger""],""facebook_positions"":[""feed"",""instant_article"",""instream_video"",""right_hand_column"",""video_feeds"",""marketplace"",""story"",""facebook_reels_overlay"",""search"",""groups_feed""],""instagram_positions"":[""stream"",""story"",""explore"",""reels"",""shop""],""messenger_positions"":[""messenger_home"",""story""],""device_platforms"":[""mobile"",""desktop""],""audience_network_positions"":[""classic"",""rewarded_video""],""oculus_positions"":[],""excluded_publisher_list_ids"":[],""user_device"":[],""excluded_user_device"":[],""user_os"":[],""wireless_carrier"":[],""targeting_optimization"":""none"",""brand_safety_content_filter_levels"":[""FACEBOOK_STANDARD"",""AN_STANDARD""],""excluded_brand_safety_content_types"":[],""age_min"":18,""age_max"":65}","FALSE","7100000"
"47","HR","18","65","{""geo_locations"":{""countries"":[""HR""],""location_types"":[""home""]},""publisher_platforms"":[""facebook"",""instagram"",""audience_network"",""messenger""],""facebook_positions"":[""feed"",""instant_article"",""instream_video"",""right_hand_column"",""video_feeds"",""marketplace"",""story"",""facebook_reels_overlay"",""search"",""groups_feed""],""instagram_positions"":[""stream"",""story"",""explore"",""reels"",""shop""],""messenger_positions"":[""messenger_home"",""story""],""device_platforms"":[""mobile"",""desktop""],""audience_network_positions"":[""classic"",""rewarded_video""],""oculus_positions"":[],""excluded_publisher_list_ids"":[],""user_device"":[],""excluded_user_device"":[],""user_os"":[],""wireless_carrier"":[],""targeting_optimization"":""none"",""brand_safety_content_filter_levels"":[""FACEBOOK_STANDARD"",""AN_STANDARD""],""excluded_brand_safety_content_types"":[],""age_min"":18,""age_max"":65,""flexible_spec"":[{""behaviors"":[{""id"":""6015559470583"",""name"":""Livesabroad""}]}]}","TRUE","133800"
"48","HR","18","65","{""geo_locations"":{""countries"":[""HR""],""location_types"":[""home""]},""publisher_platforms"":[""facebook"",""instagram"",""audience_network"",""messenger""],""facebook_positions"":[""feed"",""instant_article"",""instream_video"",""right_hand_column"",""video_feeds"",""marketplace"",""story"",""facebook_reels_overlay"",""search"",""groups_feed""],""instagram_positions"":[""stream"",""story"",""explore"",""reels"",""shop""],""messenger_positions"":[""messenger_home"",""story""],""device_platforms"":[""mobile"",""desktop""],""audience_network_positions"":[""classic"",""rewarded_video""],""oculus_positions"":[],""excluded_publisher_list_ids"":[],""user_device"":[],""excluded_user_device"":[],""user_os"":[],""wireless_carrier"":[],""targeting_optimization"":""none"",""brand_safety_content_filter_levels"":[""FACEBOOK_STANDARD"",""AN_STANDARD""],""excluded_brand_safety_content_types"":[],""age_min"":18,""age_max"":65}","FALSE","2600000"
"49","IE","18","65","{""geo_locations"":{""countries"":[""IE""],""location_types"":[""home""]},""publisher_platforms"":[""facebook"",""instagram"",""audience_network"",""messenger""],""facebook_positions"":[""feed"",""instant_article"",""instream_video"",""right_hand_column"",""video_feeds"",""marketplace"",""story"",""facebook_reels_overlay"",""search"",""groups_feed""],""instagram_positions"":[""stream"",""story"",""explore"",""reels"",""shop""],""messenger_positions"":[""messenger_home"",""story""],""device_platforms"":[""mobile"",""desktop""],""audience_network_positions"":[""classic"",""rewarded_video""],""oculus_positions"":[],""excluded_publisher_list_ids"":[],""user_device"":[],""excluded_user_device"":[],""user_os"":[],""wireless_carrier"":[],""targeting_optimization"":""none"",""brand_safety_content_filter_levels"":[""FACEBOOK_STANDARD"",""AN_STANDARD""],""excluded_brand_safety_content_types"":[],""age_min"":18,""age_max"":65,""flexible_spec"":[{""behaviors"":[{""id"":""6015559470583"",""name"":""Livesabroad""}]}]}","TRUE","414600"
"50","IE","18","65","{""geo_locations"":{""countries"":[""IE""],""location_types"":[""home""]},""publisher_platforms"":[""facebook"",""instagram"",""audience_network"",""messenger""],""facebook_positions"":[""feed"",""instant_article"",""instream_video"",""right_hand_column"",""video_feeds"",""marketplace"",""story"",""facebook_reels_overlay"",""search"",""groups_feed""],""instagram_positions"":[""stream"",""story"",""explore"",""reels"",""shop""],""messenger_positions"":[""messenger_home"",""story""],""device_platforms"":[""mobile"",""desktop""],""audience_network_positions"":[""classic"",""rewarded_video""],""oculus_positions"":[],""excluded_publisher_list_ids"":[],""user_device"":[],""excluded_user_device"":[],""user_os"":[],""wireless_carrier"":[],""targeting_optimization"":""none"",""brand_safety_content_filter_levels"":[""FACEBOOK_STANDARD"",""AN_STANDARD""],""excluded_brand_safety_content_types"":[],""age_min"":18,""age_max"":65}","FALSE","3900000"
"51","IS","18","65","{""geo_locations"":{""countries"":[""IS""],""location_types"":[""home""]},""publisher_platforms"":[""facebook"",""instagram"",""audience_network"",""messenger""],""facebook_positions"":[""feed"",""instant_article"",""instream_video"",""right_hand_column"",""video_feeds"",""marketplace"",""story"",""facebook_reels_overlay"",""search"",""groups_feed""],""instagram_positions"":[""stream"",""story"",""explore"",""reels"",""shop""],""messenger_positions"":[""messenger_home"",""story""],""device_platforms"":[""mobile"",""desktop""],""audience_network_positions"":[""classic"",""rewarded_video""],""oculus_positions"":[],""excluded_publisher_list_ids"":[],""user_device"":[],""excluded_user_device"":[],""user_os"":[],""wireless_carrier"":[],""targeting_optimization"":""none"",""brand_safety_content_filter_levels"":[""FACEBOOK_STANDARD"",""AN_STANDARD""],""excluded_brand_safety_content_types"":[],""age_min"":18,""age_max"":65,""flexible_spec"":[{""behaviors"":[{""id"":""6015559470583"",""name"":""Livesabroad""}]}]}","TRUE","28900"
"52","IS","18","65","{""geo_locations"":{""countries"":[""IS""],""location_types"":[""home""]},""publisher_platforms"":[""facebook"",""instagram"",""audience_network"",""messenger""],""facebook_positions"":[""feed"",""instant_article"",""instream_video"",""right_hand_column"",""video_feeds"",""marketplace"",""story"",""facebook_reels_overlay"",""search"",""groups_feed""],""instagram_positions"":[""stream"",""story"",""explore"",""reels"",""shop""],""messenger_positions"":[""messenger_home"",""story""],""device_platforms"":[""mobile"",""desktop""],""audience_network_positions"":[""classic"",""rewarded_video""],""oculus_positions"":[],""excluded_publisher_list_ids"":[],""user_device"":[],""excluded_user_device"":[],""user_os"":[],""wireless_carrier"":[],""targeting_optimization"":""none"",""brand_safety_content_filter_levels"":[""FACEBOOK_STANDARD"",""AN_STANDARD""],""excluded_brand_safety_content_types"":[],""age_min"":18,""age_max"":65}","FALSE","325600"
"53","IT","18","65","{""geo_locations"":{""countries"":[""IT""],""location_types"":[""home""]},""publisher_platforms"":[""facebook"",""instagram"",""audience_network"",""messenger""],""facebook_positions"":[""feed"",""instant_article"",""instream_video"",""right_hand_column"",""video_feeds"",""marketplace"",""story"",""facebook_reels_overlay"",""search"",""groups_feed""],""instagram_positions"":[""stream"",""story"",""explore"",""reels"",""shop""],""messenger_positions"":[""messenger_home"",""story""],""device_platforms"":[""mobile"",""desktop""],""audience_network_positions"":[""classic"",""rewarded_video""],""oculus_positions"":[],""excluded_publisher_list_ids"":[],""user_device"":[],""excluded_user_device"":[],""user_os"":[],""wireless_carrier"":[],""targeting_optimization"":""none"",""brand_safety_content_filter_levels"":[""FACEBOOK_STANDARD"",""AN_STANDARD""],""excluded_brand_safety_content_types"":[],""age_min"":18,""age_max"":65,""flexible_spec"":[{""behaviors"":[{""id"":""6015559470583"",""name"":""Livesabroad""}]}]}","TRUE","2900000"
"54","IT","18","65","{""geo_locations"":{""countries"":[""IT""],""location_types"":[""home""]},""publisher_platforms"":[""facebook"",""instagram"",""audience_network"",""messenger""],""facebook_positions"":[""feed"",""instant_article"",""instream_video"",""right_hand_column"",""video_feeds"",""marketplace"",""story"",""facebook_reels_overlay"",""search"",""groups_feed""],""instagram_positions"":[""stream"",""story"",""explore"",""reels"",""shop""],""messenger_positions"":[""messenger_home"",""story""],""device_platforms"":[""mobile"",""desktop""],""audience_network_positions"":[""classic"",""rewarded_video""],""oculus_positions"":[],""excluded_publisher_list_ids"":[],""user_device"":[],""excluded_user_device"":[],""user_os"":[],""wireless_carrier"":[],""targeting_optimization"":""none"",""brand_safety_content_filter_levels"":[""FACEBOOK_STANDARD"",""AN_STANDARD""],""excluded_brand_safety_content_types"":[],""age_min"":18,""age_max"":65}","FALSE","44000000"
"55","LI","18","65","{""geo_locations"":{""countries"":[""LI""],""location_types"":[""home""]},""publisher_platforms"":[""facebook"",""instagram"",""audience_network"",""messenger""],""facebook_positions"":[""feed"",""instant_article"",""instream_video"",""right_hand_column"",""video_feeds"",""marketplace"",""story"",""facebook_reels_overlay"",""search"",""groups_feed""],""instagram_positions"":[""stream"",""story"",""explore"",""reels"",""shop""],""messenger_positions"":[""messenger_home"",""story""],""device_platforms"":[""mobile"",""desktop""],""audience_network_positions"":[""classic"",""rewarded_video""],""oculus_positions"":[],""excluded_publisher_list_ids"":[],""user_device"":[],""excluded_user_device"":[],""user_os"":[],""wireless_carrier"":[],""targeting_optimization"":""none"",""brand_safety_content_filter_levels"":[""FACEBOOK_STANDARD"",""AN_STANDARD""],""excluded_brand_safety_content_types"":[],""age_min"":18,""age_max"":65,""flexible_spec"":[{""behaviors"":[{""id"":""6015559470583"",""name"":""Livesabroad""}]}]}","TRUE","3600"
"56","LI","18","65","{""geo_locations"":{""countries"":[""LI""],""location_types"":[""home""]},""publisher_platforms"":[""facebook"",""instagram"",""audience_network"",""messenger""],""facebook_positions"":[""feed"",""instant_article"",""instream_video"",""right_hand_column"",""video_feeds"",""marketplace"",""story"",""facebook_reels_overlay"",""search"",""groups_feed""],""instagram_positions"":[""stream"",""story"",""explore"",""reels"",""shop""],""messenger_positions"":[""messenger_home"",""story""],""device_platforms"":[""mobile"",""desktop""],""audience_network_positions"":[""classic"",""rewarded_video""],""oculus_positions"":[],""excluded_publisher_list_ids"":[],""user_device"":[],""excluded_user_device"":[],""user_os"":[],""wireless_carrier"":[],""targeting_optimization"":""none"",""brand_safety_content_filter_levels"":[""FACEBOOK_STANDARD"",""AN_STANDARD""],""excluded_brand_safety_content_types"":[],""age_min"":18,""age_max"":65}","FALSE","18600"
"57","LT","18","65","{""geo_locations"":{""countries"":[""LT""],""location_types"":[""home""]},""publisher_platforms"":[""facebook"",""instagram"",""audience_network"",""messenger""],""facebook_positions"":[""feed"",""instant_article"",""instream_video"",""right_hand_column"",""video_feeds"",""marketplace"",""story"",""facebook_reels_overlay"",""search"",""groups_feed""],""instagram_positions"":[""stream"",""story"",""explore"",""reels"",""shop""],""messenger_positions"":[""messenger_home"",""story""],""device_platforms"":[""mobile"",""desktop""],""audience_network_positions"":[""classic"",""rewarded_video""],""oculus_positions"":[],""excluded_publisher_list_ids"":[],""user_device"":[],""excluded_user_device"":[],""user_os"":[],""wireless_carrier"":[],""targeting_optimization"":""none"",""brand_safety_content_filter_levels"":[""FACEBOOK_STANDARD"",""AN_STANDARD""],""excluded_brand_safety_content_types"":[],""age_min"":18,""age_max"":65,""flexible_spec"":[{""behaviors"":[{""id"":""6015559470583"",""name"":""Livesabroad""}]}]}","TRUE","36000"
"58","LT","18","65","{""geo_locations"":{""countries"":[""LT""],""location_types"":[""home""]},""publisher_platforms"":[""facebook"",""instagram"",""audience_network"",""messenger""],""facebook_positions"":[""feed"",""instant_article"",""instream_video"",""right_hand_column"",""video_feeds"",""marketplace"",""story"",""facebook_reels_overlay"",""search"",""groups_feed""],""instagram_positions"":[""stream"",""story"",""explore"",""reels"",""shop""],""messenger_positions"":[""messenger_home"",""story""],""device_platforms"":[""mobile"",""desktop""],""audience_network_positions"":[""classic"",""rewarded_video""],""oculus_positions"":[],""excluded_publisher_list_ids"":[],""user_device"":[],""excluded_user_device"":[],""user_os"":[],""wireless_carrier"":[],""targeting_optimization"":""none"",""brand_safety_content_filter_levels"":[""FACEBOOK_STANDARD"",""AN_STANDARD""],""excluded_brand_safety_content_types"":[],""age_min"":18,""age_max"":65}","FALSE","2100000"
"59","LU","18","65","{""geo_locations"":{""countries"":[""LU""],""location_types"":[""home""]},""publisher_platforms"":[""facebook"",""instagram"",""audience_network"",""messenger""],""facebook_positions"":[""feed"",""instant_article"",""instream_video"",""right_hand_column"",""video_feeds"",""marketplace"",""story"",""facebook_reels_overlay"",""search"",""groups_feed""],""instagram_positions"":[""stream"",""story"",""explore"",""reels"",""shop""],""messenger_positions"":[""messenger_home"",""story""],""device_platforms"":[""mobile"",""desktop""],""audience_network_positions"":[""classic"",""rewarded_video""],""oculus_positions"":[],""excluded_publisher_list_ids"":[],""user_device"":[],""excluded_user_device"":[],""user_os"":[],""wireless_carrier"":[],""targeting_optimization"":""none"",""brand_safety_content_filter_levels"":[""FACEBOOK_STANDARD"",""AN_STANDARD""],""excluded_brand_safety_content_types"":[],""age_min"":18,""age_max"":65,""flexible_spec"":[{""behaviors"":[{""id"":""6015559470583"",""name"":""Livesabroad""}]}]}","TRUE","124400"
"60","LU","18","65","{""geo_locations"":{""countries"":[""LU""],""location_types"":[""home""]},""publisher_platforms"":[""facebook"",""instagram"",""audience_network"",""messenger""],""facebook_positions"":[""feed"",""instant_article"",""instream_video"",""right_hand_column"",""video_feeds"",""marketplace"",""story"",""facebook_reels_overlay"",""search"",""groups_feed""],""instagram_positions"":[""stream"",""story"",""explore"",""reels"",""shop""],""messenger_positions"":[""messenger_home"",""story""],""device_platforms"":[""mobile"",""desktop""],""audience_network_positions"":[""classic"",""rewarded_video""],""oculus_positions"":[],""excluded_publisher_list_ids"":[],""user_device"":[],""excluded_user_device"":[],""user_os"":[],""wireless_carrier"":[],""targeting_optimization"":""none"",""brand_safety_content_filter_levels"":[""FACEBOOK_STANDARD"",""AN_STANDARD""],""excluded_brand_safety_content_types"":[],""age_min"":18,""age_max"":65}","FALSE","463900"
"61","LV","18","65","{""geo_locations"":{""countries"":[""LV""],""location_types"":[""home""]},""publisher_platforms"":[""facebook"",""instagram"",""audience_network"",""messenger""],""facebook_positions"":[""feed"",""instant_article"",""instream_video"",""right_hand_column"",""video_feeds"",""marketplace"",""story"",""facebook_reels_overlay"",""search"",""groups_feed""],""instagram_positions"":[""stream"",""story"",""explore"",""reels"",""shop""],""messenger_positions"":[""messenger_home"",""story""],""device_platforms"":[""mobile"",""desktop""],""audience_network_positions"":[""classic"",""rewarded_video""],""oculus_positions"":[],""excluded_publisher_list_ids"":[],""user_device"":[],""excluded_user_device"":[],""user_os"":[],""wireless_carrier"":[],""targeting_optimization"":""none"",""brand_safety_content_filter_levels"":[""FACEBOOK_STANDARD"",""AN_STANDARD""],""excluded_brand_safety_content_types"":[],""age_min"":18,""age_max"":65,""flexible_spec"":[{""behaviors"":[{""id"":""6015559470583"",""name"":""Livesabroad""}]}]}","TRUE","25000"
"62","LV","18","65","{""geo_locations"":{""countries"":[""LV""],""location_types"":[""home""]},""publisher_platforms"":[""facebook"",""instagram"",""audience_network"",""messenger""],""facebook_positions"":[""feed"",""instant_article"",""instream_video"",""right_hand_column"",""video_feeds"",""marketplace"",""story"",""facebook_reels_overlay"",""search"",""groups_feed""],""instagram_positions"":[""stream"",""story"",""explore"",""reels"",""shop""],""messenger_positions"":[""messenger_home"",""story""],""device_platforms"":[""mobile"",""desktop""],""audience_network_positions"":[""classic"",""rewarded_video""],""oculus_positions"":[],""excluded_publisher_list_ids"":[],""user_device"":[],""excluded_user_device"":[],""user_os"":[],""wireless_carrier"":[],""targeting_optimization"":""none"",""brand_safety_content_filter_levels"":[""FACEBOOK_STANDARD"",""AN_STANDARD""],""excluded_brand_safety_content_types"":[],""age_min"":18,""age_max"":65}","FALSE","1200000"
"63","MC","18","65","{""geo_locations"":{""countries"":[""MC""],""location_types"":[""home""]},""publisher_platforms"":[""facebook"",""instagram"",""audience_network"",""messenger""],""facebook_positions"":[""feed"",""instant_article"",""instream_video"",""right_hand_column"",""video_feeds"",""marketplace"",""story"",""facebook_reels_overlay"",""search"",""groups_feed""],""instagram_positions"":[""stream"",""story"",""explore"",""reels"",""shop""],""messenger_positions"":[""messenger_home"",""story""],""device_platforms"":[""mobile"",""desktop""],""audience_network_positions"":[""classic"",""rewarded_video""],""oculus_positions"":[],""excluded_publisher_list_ids"":[],""user_device"":[],""excluded_user_device"":[],""user_os"":[],""wireless_carrier"":[],""targeting_optimization"":""none"",""brand_safety_content_filter_levels"":[""FACEBOOK_STANDARD"",""AN_STANDARD""],""excluded_brand_safety_content_types"":[],""age_min"":18,""age_max"":65,""flexible_spec"":[{""behaviors"":[{""id"":""6015559470583"",""name"":""Livesabroad""}]}]}","TRUE","3900"
"64","MC","18","65","{""geo_locations"":{""countries"":[""MC""],""location_types"":[""home""]},""publisher_platforms"":[""facebook"",""instagram"",""audience_network"",""messenger""],""facebook_positions"":[""feed"",""instant_article"",""instream_video"",""right_hand_column"",""video_feeds"",""marketplace"",""story"",""facebook_reels_overlay"",""search"",""groups_feed""],""instagram_positions"":[""stream"",""story"",""explore"",""reels"",""shop""],""messenger_positions"":[""messenger_home"",""story""],""device_platforms"":[""mobile"",""desktop""],""audience_network_positions"":[""classic"",""rewarded_video""],""oculus_positions"":[],""excluded_publisher_list_ids"":[],""user_device"":[],""excluded_user_device"":[],""user_os"":[],""wireless_carrier"":[],""targeting_optimization"":""none"",""brand_safety_content_filter_levels"":[""FACEBOOK_STANDARD"",""AN_STANDARD""],""excluded_brand_safety_content_types"":[],""age_min"":18,""age_max"":65}","FALSE","16600"
"65","MK","18","65","{""geo_locations"":{""countries"":[""MK""],""location_types"":[""home""]},""publisher_platforms"":[""facebook"",""instagram"",""audience_network"",""messenger""],""facebook_positions"":[""feed"",""instant_article"",""instream_video"",""right_hand_column"",""video_feeds"",""marketplace"",""story"",""facebook_reels_overlay"",""search"",""groups_feed""],""instagram_positions"":[""stream"",""story"",""explore"",""reels"",""shop""],""messenger_positions"":[""messenger_home"",""story""],""device_platforms"":[""mobile"",""desktop""],""audience_network_positions"":[""classic"",""rewarded_video""],""oculus_positions"":[],""excluded_publisher_list_ids"":[],""user_device"":[],""excluded_user_device"":[],""user_os"":[],""wireless_carrier"":[],""targeting_optimization"":""none"",""brand_safety_content_filter_levels"":[""FACEBOOK_STANDARD"",""AN_STANDARD""],""excluded_brand_safety_content_types"":[],""age_min"":18,""age_max"":65,""flexible_spec"":[{""behaviors"":[{""id"":""6015559470583"",""name"":""Livesabroad""}]}]}","TRUE","70600"
"66","MK","18","65","{""geo_locations"":{""countries"":[""MK""],""location_types"":[""home""]},""publisher_platforms"":[""facebook"",""instagram"",""audience_network"",""messenger""],""facebook_positions"":[""feed"",""instant_article"",""instream_video"",""right_hand_column"",""video_feeds"",""marketplace"",""story"",""facebook_reels_overlay"",""search"",""groups_feed""],""instagram_positions"":[""stream"",""story"",""explore"",""reels"",""shop""],""messenger_positions"":[""messenger_home"",""story""],""device_platforms"":[""mobile"",""desktop""],""audience_network_positions"":[""classic"",""rewarded_video""],""oculus_positions"":[],""excluded_publisher_list_ids"":[],""user_device"":[],""excluded_user_device"":[],""user_os"":[],""wireless_carrier"":[],""targeting_optimization"":""none"",""brand_safety_content_filter_levels"":[""FACEBOOK_STANDARD"",""AN_STANDARD""],""excluded_brand_safety_content_types"":[],""age_min"":18,""age_max"":65}","FALSE","1400000"
"67","MT","18","65","{""geo_locations"":{""countries"":[""MT""],""location_types"":[""home""]},""publisher_platforms"":[""facebook"",""instagram"",""audience_network"",""messenger""],""facebook_positions"":[""feed"",""instant_article"",""instream_video"",""right_hand_column"",""video_feeds"",""marketplace"",""story"",""facebook_reels_overlay"",""search"",""groups_feed""],""instagram_positions"":[""stream"",""story"",""explore"",""reels"",""shop""],""messenger_positions"":[""messenger_home"",""story""],""device_platforms"":[""mobile"",""desktop""],""audience_network_positions"":[""classic"",""rewarded_video""],""oculus_positions"":[],""excluded_publisher_list_ids"":[],""user_device"":[],""excluded_user_device"":[],""user_os"":[],""wireless_carrier"":[],""targeting_optimization"":""none"",""brand_safety_content_filter_levels"":[""FACEBOOK_STANDARD"",""AN_STANDARD""],""excluded_brand_safety_content_types"":[],""age_min"":18,""age_max"":65,""flexible_spec"":[{""behaviors"":[{""id"":""6015559470583"",""name"":""Livesabroad""}]}]}","TRUE","61200"
"68","MT","18","65","{""geo_locations"":{""countries"":[""MT""],""location_types"":[""home""]},""publisher_platforms"":[""facebook"",""instagram"",""audience_network"",""messenger""],""facebook_positions"":[""feed"",""instant_article"",""instream_video"",""right_hand_column"",""video_feeds"",""marketplace"",""story"",""facebook_reels_overlay"",""search"",""groups_feed""],""instagram_positions"":[""stream"",""story"",""explore"",""reels"",""shop""],""messenger_positions"":[""messenger_home"",""story""],""device_platforms"":[""mobile"",""desktop""],""audience_network_positions"":[""classic"",""rewarded_video""],""oculus_positions"":[],""excluded_publisher_list_ids"":[],""user_device"":[],""excluded_user_device"":[],""user_os"":[],""wireless_carrier"":[],""targeting_optimization"":""none"",""brand_safety_content_filter_levels"":[""FACEBOOK_STANDARD"",""AN_STANDARD""],""excluded_brand_safety_content_types"":[],""age_min"":18,""age_max"":65}","FALSE","460300"
"69","NO","18","65","{""geo_locations"":{""countries"":[""NO""],""location_types"":[""home""]},""publisher_platforms"":[""facebook"",""instagram"",""audience_network"",""messenger""],""facebook_positions"":[""feed"",""instant_article"",""instream_video"",""right_hand_column"",""video_feeds"",""marketplace"",""story"",""facebook_reels_overlay"",""search"",""groups_feed""],""instagram_positions"":[""stream"",""story"",""explore"",""reels"",""shop""],""messenger_positions"":[""messenger_home"",""story""],""device_platforms"":[""mobile"",""desktop""],""audience_network_positions"":[""classic"",""rewarded_video""],""oculus_positions"":[],""excluded_publisher_list_ids"":[],""user_device"":[],""excluded_user_device"":[],""user_os"":[],""wireless_carrier"":[],""targeting_optimization"":""none"",""brand_safety_content_filter_levels"":[""FACEBOOK_STANDARD"",""AN_STANDARD""],""excluded_brand_safety_content_types"":[],""age_min"":18,""age_max"":65,""flexible_spec"":[{""behaviors"":[{""id"":""6015559470583"",""name"":""Livesabroad""}]}]}","TRUE","372300"
"70","NO","18","65","{""geo_locations"":{""countries"":[""NO""],""location_types"":[""home""]},""publisher_platforms"":[""facebook"",""instagram"",""audience_network"",""messenger""],""facebook_positions"":[""feed"",""instant_article"",""instream_video"",""right_hand_column"",""video_feeds"",""marketplace"",""story"",""facebook_reels_overlay"",""search"",""groups_feed""],""instagram_positions"":[""stream"",""story"",""explore"",""reels"",""shop""],""messenger_positions"":[""messenger_home"",""story""],""device_platforms"":[""mobile"",""desktop""],""audience_network_positions"":[""classic"",""rewarded_video""],""oculus_positions"":[],""excluded_publisher_list_ids"":[],""user_device"":[],""excluded_user_device"":[],""user_os"":[],""wireless_carrier"":[],""targeting_optimization"":""none"",""brand_safety_content_filter_levels"":[""FACEBOOK_STANDARD"",""AN_STANDARD""],""excluded_brand_safety_content_types"":[],""age_min"":18,""age_max"":65}","FALSE","4700000"
"71","NL","18","65","{""geo_locations"":{""countries"":[""NL""],""location_types"":[""home""]},""publisher_platforms"":[""facebook"",""instagram"",""audience_network"",""messenger""],""facebook_positions"":[""feed"",""instant_article"",""instream_video"",""right_hand_column"",""video_feeds"",""marketplace"",""story"",""facebook_reels_overlay"",""search"",""groups_feed""],""instagram_positions"":[""stream"",""story"",""explore"",""reels"",""shop""],""messenger_positions"":[""messenger_home"",""story""],""device_platforms"":[""mobile"",""desktop""],""audience_network_positions"":[""classic"",""rewarded_video""],""oculus_positions"":[],""excluded_publisher_list_ids"":[],""user_device"":[],""excluded_user_device"":[],""user_os"":[],""wireless_carrier"":[],""targeting_optimization"":""none"",""brand_safety_content_filter_levels"":[""FACEBOOK_STANDARD"",""AN_STANDARD""],""excluded_brand_safety_content_types"":[],""age_min"":18,""age_max"":65,""flexible_spec"":[{""behaviors"":[{""id"":""6015559470583"",""name"":""Livesabroad""}]}]}","TRUE","966000"
"72","NL","18","65","{""geo_locations"":{""countries"":[""NL""],""location_types"":[""home""]},""publisher_platforms"":[""facebook"",""instagram"",""audience_network"",""messenger""],""facebook_positions"":[""feed"",""instant_article"",""instream_video"",""right_hand_column"",""video_feeds"",""marketplace"",""story"",""facebook_reels_overlay"",""search"",""groups_feed""],""instagram_positions"":[""stream"",""story"",""explore"",""reels"",""shop""],""messenger_positions"":[""messenger_home"",""story""],""device_platforms"":[""mobile"",""desktop""],""audience_network_positions"":[""classic"",""rewarded_video""],""oculus_positions"":[],""excluded_publisher_list_ids"":[],""user_device"":[],""excluded_user_device"":[],""user_os"":[],""wireless_carrier"":[],""targeting_optimization"":""none"",""brand_safety_content_filter_levels"":[""FACEBOOK_STANDARD"",""AN_STANDARD""],""excluded_brand_safety_content_types"":[],""age_min"":18,""age_max"":65}","FALSE","13800000"
"73","PL","18","65","{""geo_locations"":{""countries"":[""PL""],""location_types"":[""home""]},""publisher_platforms"":[""facebook"",""instagram"",""audience_network"",""messenger""],""facebook_positions"":[""feed"",""instant_article"",""instream_video"",""right_hand_column"",""video_feeds"",""marketplace"",""story"",""facebook_reels_overlay"",""search"",""groups_feed""],""instagram_positions"":[""stream"",""story"",""explore"",""reels"",""shop""],""messenger_positions"":[""messenger_home"",""story""],""device_platforms"":[""mobile"",""desktop""],""audience_network_positions"":[""classic"",""rewarded_video""],""oculus_positions"":[],""excluded_publisher_list_ids"":[],""user_device"":[],""excluded_user_device"":[],""user_os"":[],""wireless_carrier"":[],""targeting_optimization"":""none"",""brand_safety_content_filter_levels"":[""FACEBOOK_STANDARD"",""AN_STANDARD""],""excluded_brand_safety_content_types"":[],""age_min"":18,""age_max"":65,""flexible_spec"":[{""behaviors"":[{""id"":""6015559470583"",""name"":""Livesabroad""}]}]}","TRUE","460300"
"74","PL","18","65","{""geo_locations"":{""countries"":[""PL""],""location_types"":[""home""]},""publisher_platforms"":[""facebook"",""instagram"",""audience_network"",""messenger""],""facebook_positions"":[""feed"",""instant_article"",""instream_video"",""right_hand_column"",""video_feeds"",""marketplace"",""story"",""facebook_reels_overlay"",""search"",""groups_feed""],""instagram_positions"":[""stream"",""story"",""explore"",""reels"",""shop""],""messenger_positions"":[""messenger_home"",""story""],""device_platforms"":[""mobile"",""desktop""],""audience_network_positions"":[""classic"",""rewarded_video""],""oculus_positions"":[],""excluded_publisher_list_ids"":[],""user_device"":[],""excluded_user_device"":[],""user_os"":[],""wireless_carrier"":[],""targeting_optimization"":""none"",""brand_safety_content_filter_levels"":[""FACEBOOK_STANDARD"",""AN_STANDARD""],""excluded_brand_safety_content_types"":[],""age_min"":18,""age_max"":65}","FALSE","23300000"
"75","PT","18","65","{""geo_locations"":{""countries"":[""PT""],""location_types"":[""home""]},""publisher_platforms"":[""facebook"",""instagram"",""audience_network"",""messenger""],""facebook_positions"":[""feed"",""instant_article"",""instream_video"",""right_hand_column"",""video_feeds"",""marketplace"",""story"",""facebook_reels_overlay"",""search"",""groups_feed""],""instagram_positions"":[""stream"",""story"",""explore"",""reels"",""shop""],""messenger_positions"":[""messenger_home"",""story""],""device_platforms"":[""mobile"",""desktop""],""audience_network_positions"":[""classic"",""rewarded_video""],""oculus_positions"":[],""excluded_publisher_list_ids"":[],""user_device"":[],""excluded_user_device"":[],""user_os"":[],""wireless_carrier"":[],""targeting_optimization"":""none"",""brand_safety_content_filter_levels"":[""FACEBOOK_STANDARD"",""AN_STANDARD""],""excluded_brand_safety_content_types"":[],""age_min"":18,""age_max"":65,""flexible_spec"":[{""behaviors"":[{""id"":""6015559470583"",""name"":""Livesabroad""}]}]}","TRUE","607500"
"76","PT","18","65","{""geo_locations"":{""countries"":[""PT""],""location_types"":[""home""]},""publisher_platforms"":[""facebook"",""instagram"",""audience_network"",""messenger""],""facebook_positions"":[""feed"",""instant_article"",""instream_video"",""right_hand_column"",""video_feeds"",""marketplace"",""story"",""facebook_reels_overlay"",""search"",""groups_feed""],""instagram_positions"":[""stream"",""story"",""explore"",""reels"",""shop""],""messenger_positions"":[""messenger_home"",""story""],""device_platforms"":[""mobile"",""desktop""],""audience_network_positions"":[""classic"",""rewarded_video""],""oculus_positions"":[],""excluded_publisher_list_ids"":[],""user_device"":[],""excluded_user_device"":[],""user_os"":[],""wireless_carrier"":[],""targeting_optimization"":""none"",""brand_safety_content_filter_levels"":[""FACEBOOK_STANDARD"",""AN_STANDARD""],""excluded_brand_safety_content_types"":[],""age_min"":18,""age_max"":65}","FALSE","8800000"
"77","RO","18","65","{""geo_locations"":{""countries"":[""RO""],""location_types"":[""home""]},""publisher_platforms"":[""facebook"",""instagram"",""audience_network"",""messenger""],""facebook_positions"":[""feed"",""instant_article"",""instream_video"",""right_hand_column"",""video_feeds"",""marketplace"",""story"",""facebook_reels_overlay"",""search"",""groups_feed""],""instagram_positions"":[""stream"",""story"",""explore"",""reels"",""shop""],""messenger_positions"":[""messenger_home"",""story""],""device_platforms"":[""mobile"",""desktop""],""audience_network_positions"":[""classic"",""rewarded_video""],""oculus_positions"":[],""excluded_publisher_list_ids"":[],""user_device"":[],""excluded_user_device"":[],""user_os"":[],""wireless_carrier"":[],""targeting_optimization"":""none"",""brand_safety_content_filter_levels"":[""FACEBOOK_STANDARD"",""AN_STANDARD""],""excluded_brand_safety_content_types"":[],""age_min"":18,""age_max"":65,""flexible_spec"":[{""behaviors"":[{""id"":""6015559470583"",""name"":""Livesabroad""}]}]}","TRUE","195500"
"78","RO","18","65","{""geo_locations"":{""countries"":[""RO""],""location_types"":[""home""]},""publisher_platforms"":[""facebook"",""instagram"",""audience_network"",""messenger""],""facebook_positions"":[""feed"",""instant_article"",""instream_video"",""right_hand_column"",""video_feeds"",""marketplace"",""story"",""facebook_reels_overlay"",""search"",""groups_feed""],""instagram_positions"":[""stream"",""story"",""explore"",""reels"",""shop""],""messenger_positions"":[""messenger_home"",""story""],""device_platforms"":[""mobile"",""desktop""],""audience_network_positions"":[""classic"",""rewarded_video""],""oculus_positions"":[],""excluded_publisher_list_ids"":[],""user_device"":[],""excluded_user_device"":[],""user_os"":[],""wireless_carrier"":[],""targeting_optimization"":""none"",""brand_safety_content_filter_levels"":[""FACEBOOK_STANDARD"",""AN_STANDARD""],""excluded_brand_safety_content_types"":[],""age_min"":18,""age_max"":65}","FALSE","12200000"
"79","RS","18","65","{""geo_locations"":{""countries"":[""RS""],""location_types"":[""home""]},""publisher_platforms"":[""facebook"",""instagram"",""audience_network"",""messenger""],""facebook_positions"":[""feed"",""instant_article"",""instream_video"",""right_hand_column"",""video_feeds"",""marketplace"",""story"",""facebook_reels_overlay"",""search"",""groups_feed""],""instagram_positions"":[""stream"",""story"",""explore"",""reels"",""shop""],""messenger_positions"":[""messenger_home"",""story""],""device_platforms"":[""mobile"",""desktop""],""audience_network_positions"":[""classic"",""rewarded_video""],""oculus_positions"":[],""excluded_publisher_list_ids"":[],""user_device"":[],""excluded_user_device"":[],""user_os"":[],""wireless_carrier"":[],""targeting_optimization"":""none"",""brand_safety_content_filter_levels"":[""FACEBOOK_STANDARD"",""AN_STANDARD""],""excluded_brand_safety_content_types"":[],""age_min"":18,""age_max"":65,""flexible_spec"":[{""behaviors"":[{""id"":""6015559470583"",""name"":""Livesabroad""}]}]}","TRUE","425900"
"80","RS","18","65","{""geo_locations"":{""countries"":[""RS""],""location_types"":[""home""]},""publisher_platforms"":[""facebook"",""instagram"",""audience_network"",""messenger""],""facebook_positions"":[""feed"",""instant_article"",""instream_video"",""right_hand_column"",""video_feeds"",""marketplace"",""story"",""facebook_reels_overlay"",""search"",""groups_feed""],""instagram_positions"":[""stream"",""story"",""explore"",""reels"",""shop""],""messenger_positions"":[""messenger_home"",""story""],""device_platforms"":[""mobile"",""desktop""],""audience_network_positions"":[""classic"",""rewarded_video""],""oculus_positions"":[],""excluded_publisher_list_ids"":[],""user_device"":[],""excluded_user_device"":[],""user_os"":[],""wireless_carrier"":[],""targeting_optimization"":""none"",""brand_safety_content_filter_levels"":[""FACEBOOK_STANDARD"",""AN_STANDARD""],""excluded_brand_safety_content_types"":[],""age_min"":18,""age_max"":65}","FALSE","4800000"
"81","RU","18","65","{""geo_locations"":{""countries"":[""RU""],""location_types"":[""home""]},""publisher_platforms"":[""facebook"",""instagram"",""audience_network"",""messenger""],""facebook_positions"":[""feed"",""instant_article"",""instream_video"",""right_hand_column"",""video_feeds"",""marketplace"",""story"",""facebook_reels_overlay"",""search"",""groups_feed""],""instagram_positions"":[""stream"",""story"",""explore"",""reels"",""shop""],""messenger_positions"":[""messenger_home"",""story""],""device_platforms"":[""mobile"",""desktop""],""audience_network_positions"":[""classic"",""rewarded_video""],""oculus_positions"":[],""excluded_publisher_list_ids"":[],""user_device"":[],""excluded_user_device"":[],""user_os"":[],""wireless_carrier"":[],""targeting_optimization"":""none"",""brand_safety_content_filter_levels"":[""FACEBOOK_STANDARD"",""AN_STANDARD""],""excluded_brand_safety_content_types"":[],""age_min"":18,""age_max"":65,""flexible_spec"":[{""behaviors"":[{""id"":""6015559470583"",""name"":""Livesabroad""}]}]}","TRUE","3500000"
"82","RU","18","65","{""geo_locations"":{""countries"":[""RU""],""location_types"":[""home""]},""publisher_platforms"":[""facebook"",""instagram"",""audience_network"",""messenger""],""facebook_positions"":[""feed"",""instant_article"",""instream_video"",""right_hand_column"",""video_feeds"",""marketplace"",""story"",""facebook_reels_overlay"",""search"",""groups_feed""],""instagram_positions"":[""stream"",""story"",""explore"",""reels"",""shop""],""messenger_positions"":[""messenger_home"",""story""],""device_platforms"":[""mobile"",""desktop""],""audience_network_positions"":[""classic"",""rewarded_video""],""oculus_positions"":[],""excluded_publisher_list_ids"":[],""user_device"":[],""excluded_user_device"":[],""user_os"":[],""wireless_carrier"":[],""targeting_optimization"":""none"",""brand_safety_content_filter_levels"":[""FACEBOOK_STANDARD"",""AN_STANDARD""],""excluded_brand_safety_content_types"":[],""age_min"":18,""age_max"":65}","FALSE","71000000"
"83","SE","18","65","{""geo_locations"":{""countries"":[""SE""],""location_types"":[""home""]},""publisher_platforms"":[""facebook"",""instagram"",""audience_network"",""messenger""],""facebook_positions"":[""feed"",""instant_article"",""instream_video"",""right_hand_column"",""video_feeds"",""marketplace"",""story"",""facebook_reels_overlay"",""search"",""groups_feed""],""instagram_positions"":[""stream"",""story"",""explore"",""reels"",""shop""],""messenger_positions"":[""messenger_home"",""story""],""device_platforms"":[""mobile"",""desktop""],""audience_network_positions"":[""classic"",""rewarded_video""],""oculus_positions"":[],""excluded_publisher_list_ids"":[],""user_device"":[],""excluded_user_device"":[],""user_os"":[],""wireless_carrier"":[],""targeting_optimization"":""none"",""brand_safety_content_filter_levels"":[""FACEBOOK_STANDARD"",""AN_STANDARD""],""excluded_brand_safety_content_types"":[],""age_min"":18,""age_max"":65,""flexible_spec"":[{""behaviors"":[{""id"":""6015559470583"",""name"":""Livesabroad""}]}]}","TRUE","783000"
"84","SE","18","65","{""geo_locations"":{""countries"":[""SE""],""location_types"":[""home""]},""publisher_platforms"":[""facebook"",""instagram"",""audience_network"",""messenger""],""facebook_positions"":[""feed"",""instant_article"",""instream_video"",""right_hand_column"",""video_feeds"",""marketplace"",""story"",""facebook_reels_overlay"",""search"",""groups_feed""],""instagram_positions"":[""stream"",""story"",""explore"",""reels"",""shop""],""messenger_positions"":[""messenger_home"",""story""],""device_platforms"":[""mobile"",""desktop""],""audience_network_positions"":[""classic"",""rewarded_video""],""oculus_positions"":[],""excluded_publisher_list_ids"":[],""user_device"":[],""excluded_user_device"":[],""user_os"":[],""wireless_carrier"":[],""targeting_optimization"":""none"",""brand_safety_content_filter_levels"":[""FACEBOOK_STANDARD"",""AN_STANDARD""],""excluded_brand_safety_content_types"":[],""age_min"":18,""age_max"":65}","FALSE","9400000"
"85","SI","18","65","{""geo_locations"":{""countries"":[""SI""],""location_types"":[""home""]},""publisher_platforms"":[""facebook"",""instagram"",""audience_network"",""messenger""],""facebook_positions"":[""feed"",""instant_article"",""instream_video"",""right_hand_column"",""video_feeds"",""marketplace"",""story"",""facebook_reels_overlay"",""search"",""groups_feed""],""instagram_positions"":[""stream"",""story"",""explore"",""reels"",""shop""],""messenger_positions"":[""messenger_home"",""story""],""device_platforms"":[""mobile"",""desktop""],""audience_network_positions"":[""classic"",""rewarded_video""],""oculus_positions"":[],""excluded_publisher_list_ids"":[],""user_device"":[],""excluded_user_device"":[],""user_os"":[],""wireless_carrier"":[],""targeting_optimization"":""none"",""brand_safety_content_filter_levels"":[""FACEBOOK_STANDARD"",""AN_STANDARD""],""excluded_brand_safety_content_types"":[],""age_min"":18,""age_max"":65,""flexible_spec"":[{""behaviors"":[{""id"":""6015559470583"",""name"":""Livesabroad""}]}]}","TRUE","103200"
"86","SI","18","65","{""geo_locations"":{""countries"":[""SI""],""location_types"":[""home""]},""publisher_platforms"":[""facebook"",""instagram"",""audience_network"",""messenger""],""facebook_positions"":[""feed"",""instant_article"",""instream_video"",""right_hand_column"",""video_feeds"",""marketplace"",""story"",""facebook_reels_overlay"",""search"",""groups_feed""],""instagram_positions"":[""stream"",""story"",""explore"",""reels"",""shop""],""messenger_positions"":[""messenger_home"",""story""],""device_platforms"":[""mobile"",""desktop""],""audience_network_positions"":[""classic"",""rewarded_video""],""oculus_positions"":[],""excluded_publisher_list_ids"":[],""user_device"":[],""excluded_user_device"":[],""user_os"":[],""wireless_carrier"":[],""targeting_optimization"":""none"",""brand_safety_content_filter_levels"":[""FACEBOOK_STANDARD"",""AN_STANDARD""],""excluded_brand_safety_content_types"":[],""age_min"":18,""age_max"":65}","FALSE","1300000"
"87","SK","18","65","{""geo_locations"":{""countries"":[""SK""],""location_types"":[""home""]},""publisher_platforms"":[""facebook"",""instagram"",""audience_network"",""messenger""],""facebook_positions"":[""feed"",""instant_article"",""instream_video"",""right_hand_column"",""video_feeds"",""marketplace"",""story"",""facebook_reels_overlay"",""search"",""groups_feed""],""instagram_positions"":[""stream"",""story"",""explore"",""reels"",""shop""],""messenger_positions"":[""messenger_home"",""story""],""device_platforms"":[""mobile"",""desktop""],""audience_network_positions"":[""classic"",""rewarded_video""],""oculus_positions"":[],""excluded_publisher_list_ids"":[],""user_device"":[],""excluded_user_device"":[],""user_os"":[],""wireless_carrier"":[],""targeting_optimization"":""none"",""brand_safety_content_filter_levels"":[""FACEBOOK_STANDARD"",""AN_STANDARD""],""excluded_brand_safety_content_types"":[],""age_min"":18,""age_max"":65,""flexible_spec"":[{""behaviors"":[{""id"":""6015559470583"",""name"":""Livesabroad""}]}]}","TRUE","89800"
"88","SK","18","65","{""geo_locations"":{""countries"":[""SK""],""location_types"":[""home""]},""publisher_platforms"":[""facebook"",""instagram"",""audience_network"",""messenger""],""facebook_positions"":[""feed"",""instant_article"",""instream_video"",""right_hand_column"",""video_feeds"",""marketplace"",""story"",""facebook_reels_overlay"",""search"",""groups_feed""],""instagram_positions"":[""stream"",""story"",""explore"",""reels"",""shop""],""messenger_positions"":[""messenger_home"",""story""],""device_platforms"":[""mobile"",""desktop""],""audience_network_positions"":[""classic"",""rewarded_video""],""oculus_positions"":[],""excluded_publisher_list_ids"":[],""user_device"":[],""excluded_user_device"":[],""user_os"":[],""wireless_carrier"":[],""targeting_optimization"":""none"",""brand_safety_content_filter_levels"":[""FACEBOOK_STANDARD"",""AN_STANDARD""],""excluded_brand_safety_content_types"":[],""age_min"":18,""age_max"":65}","FALSE","3500000"
"89","SM","18","65","{""geo_locations"":{""countries"":[""SM""],""location_types"":[""home""]},""publisher_platforms"":[""facebook"",""instagram"",""audience_network"",""messenger""],""facebook_positions"":[""feed"",""instant_article"",""instream_video"",""right_hand_column"",""video_feeds"",""marketplace"",""story"",""facebook_reels_overlay"",""search"",""groups_feed""],""instagram_positions"":[""stream"",""story"",""explore"",""reels"",""shop""],""messenger_positions"":[""messenger_home"",""story""],""device_platforms"":[""mobile"",""desktop""],""audience_network_positions"":[""classic"",""rewarded_video""],""oculus_positions"":[],""excluded_publisher_list_ids"":[],""user_device"":[],""excluded_user_device"":[],""user_os"":[],""wireless_carrier"":[],""targeting_optimization"":""none"",""brand_safety_content_filter_levels"":[""FACEBOOK_STANDARD"",""AN_STANDARD""],""excluded_brand_safety_content_types"":[],""age_min"":18,""age_max"":65,""flexible_spec"":[{""behaviors"":[{""id"":""6015559470583"",""name"":""Livesabroad""}]}]}","TRUE","7700"
"90","SM","18","65","{""geo_locations"":{""countries"":[""SM""],""location_types"":[""home""]},""publisher_platforms"":[""facebook"",""instagram"",""audience_network"",""messenger""],""facebook_positions"":[""feed"",""instant_article"",""instream_video"",""right_hand_column"",""video_feeds"",""marketplace"",""story"",""facebook_reels_overlay"",""search"",""groups_feed""],""instagram_positions"":[""stream"",""story"",""explore"",""reels"",""shop""],""messenger_positions"":[""messenger_home"",""story""],""device_platforms"":[""mobile"",""desktop""],""audience_network_positions"":[""classic"",""rewarded_video""],""oculus_positions"":[],""excluded_publisher_list_ids"":[],""user_device"":[],""excluded_user_device"":[],""user_os"":[],""wireless_carrier"":[],""targeting_optimization"":""none"",""brand_safety_content_filter_levels"":[""FACEBOOK_STANDARD"",""AN_STANDARD""],""excluded_brand_safety_content_types"":[],""age_min"":18,""age_max"":65}","FALSE","17200"
"91","TR","18","65","{""geo_locations"":{""countries"":[""TR""],""location_types"":[""home""]},""publisher_platforms"":[""facebook"",""instagram"",""audience_network"",""messenger""],""facebook_positions"":[""feed"",""instant_article"",""instream_video"",""right_hand_column"",""video_feeds"",""marketplace"",""story"",""facebook_reels_overlay"",""search"",""groups_feed""],""instagram_positions"":[""stream"",""story"",""explore"",""reels"",""shop""],""messenger_positions"":[""messenger_home"",""story""],""device_platforms"":[""mobile"",""desktop""],""audience_network_positions"":[""classic"",""rewarded_video""],""oculus_positions"":[],""excluded_publisher_list_ids"":[],""user_device"":[],""excluded_user_device"":[],""user_os"":[],""wireless_carrier"":[],""targeting_optimization"":""none"",""brand_safety_content_filter_levels"":[""FACEBOOK_STANDARD"",""AN_STANDARD""],""excluded_brand_safety_content_types"":[],""age_min"":18,""age_max"":65,""flexible_spec"":[{""behaviors"":[{""id"":""6015559470583"",""name"":""Livesabroad""}]}]}","TRUE","3300000"
"92","TR","18","65","{""geo_locations"":{""countries"":[""TR""],""location_types"":[""home""]},""publisher_platforms"":[""facebook"",""instagram"",""audience_network"",""messenger""],""facebook_positions"":[""feed"",""instant_article"",""instream_video"",""right_hand_column"",""video_feeds"",""marketplace"",""story"",""facebook_reels_overlay"",""search"",""groups_feed""],""instagram_positions"":[""stream"",""story"",""explore"",""reels"",""shop""],""messenger_positions"":[""messenger_home"",""story""],""device_platforms"":[""mobile"",""desktop""],""audience_network_positions"":[""classic"",""rewarded_video""],""oculus_positions"":[],""excluded_publisher_list_ids"":[],""user_device"":[],""excluded_user_device"":[],""user_os"":[],""wireless_carrier"":[],""targeting_optimization"":""none"",""brand_safety_content_filter_levels"":[""FACEBOOK_STANDARD"",""AN_STANDARD""],""excluded_brand_safety_content_types"":[],""age_min"":18,""age_max"":65}","FALSE","69400000"
"93","UA","18","65","{""geo_locations"":{""countries"":[""UA""],""location_types"":[""home""]},""publisher_platforms"":[""facebook"",""instagram"",""audience_network"",""messenger""],""facebook_positions"":[""feed"",""instant_article"",""instream_video"",""right_hand_column"",""video_feeds"",""marketplace"",""story"",""facebook_reels_overlay"",""search"",""groups_feed""],""instagram_positions"":[""stream"",""story"",""explore"",""reels"",""shop""],""messenger_positions"":[""messenger_home"",""story""],""device_platforms"":[""mobile"",""desktop""],""audience_network_positions"":[""classic"",""rewarded_video""],""oculus_positions"":[],""excluded_publisher_list_ids"":[],""user_device"":[],""excluded_user_device"":[],""user_os"":[],""wireless_carrier"":[],""targeting_optimization"":""none"",""brand_safety_content_filter_levels"":[""FACEBOOK_STANDARD"",""AN_STANDARD""],""excluded_brand_safety_content_types"":[],""age_min"":18,""age_max"":65,""flexible_spec"":[{""behaviors"":[{""id"":""6015559470583"",""name"":""Livesabroad""}]}]}","TRUE","672300"
"94","UA","18","65","{""geo_locations"":{""countries"":[""UA""],""location_types"":[""home""]},""publisher_platforms"":[""facebook"",""instagram"",""audience_network"",""messenger""],""facebook_positions"":[""feed"",""instant_article"",""instream_video"",""right_hand_column"",""video_feeds"",""marketplace"",""story"",""facebook_reels_overlay"",""search"",""groups_feed""],""instagram_positions"":[""stream"",""story"",""explore"",""reels"",""shop""],""messenger_positions"":[""messenger_home"",""story""],""device_platforms"":[""mobile"",""desktop""],""audience_network_positions"":[""classic"",""rewarded_video""],""oculus_positions"":[],""excluded_publisher_list_ids"":[],""user_device"":[],""excluded_user_device"":[],""user_os"":[],""wireless_carrier"":[],""targeting_optimization"":""none"",""brand_safety_content_filter_levels"":[""FACEBOOK_STANDARD"",""AN_STANDARD""],""excluded_brand_safety_content_types"":[],""age_min"":18,""age_max"":65}","FALSE","25400000"
